n,attack,benign,by_file_and_type,nonzero_fields
271474,159875,111599,"{""5|Benign"": 111599, ""5|UDPFlood"": 48273, ""15|UDPFlood"": 111602}","{""sTtl"": 63.0, ""sHops"": 1.0, ""TotPkts"": 1.0, ""SrcPkts"": 1.0, ""TotBytes"": 42.0, ""SrcBytes"": 42.0, ""sMeanPktSz"": 42.0, "" e        "": 1.0, ""udp"": 1.0, ""REQ"": 1.0, ""Status"": 1.0, ""cs0"": 1.0}"
81022,51036,29986,"{""5|Benign"": 29986, ""5|UDPFlood"": 21051, ""15|UDPFlood"": 29985}","{""sTtl"": 63.0, ""sHops"": 1.0, ""TotPkts"": 1.0, ""SrcPkts"": 1.0, ""TotBytes"": 42.0, ""SrcBytes"": 42.0, ""sMeanPktSz"": 42.0, "" e        "": 1.0, ""udp"": 1.0, ""INT"": 1.0, ""Start"": 1.0, ""cs0"": 1.0}"
80,40,40,"{""5|Benign"": 40, ""15|UDPFlood"": 40}","{""Dur"": 2.576122, ""RunTime"": 2.576122, ""Mean"": 2.576122, ""Sum"": 2.576122, ""Min"": 2.576122, ""Max"": 2.576122, ""sTtl"": 63.0, ""sHops"": 1.0, ""TotPkts"": 2.0, ""SrcPkts"": 2.0, ""TotBytes"": 84.0, ""SrcBytes"": 84.0, ""sMeanPktSz"": 42.0, ""Load"": 130.428604, ""SrcLoad"": 130.428604, ""Rate"": 0.38818, ""SrcRate"": 0.38818, "" e        "": 1.0, ""udp"": 1.0, ""REQ"": 1.0, ""Status"": 1.0, ""cs0"": 1.0}"
78,39,39,"{""5|Benign"": 39, ""15|UDPFlood"": 39}","{""Dur"": 2.579017, ""RunTime"": 2.579017, ""Mean"": 2.579017, ""Sum"": 2.579017, ""Min"": 2.579017, ""Max"": 2.579017, ""sTtl"": 63.0, ""sHops"": 1.0, ""TotPkts"": 2.0, ""SrcPkts"": 2.0, ""TotBytes"": 84.0, ""SrcBytes"": 84.0, ""sMeanPktSz"": 42.0, ""Load"": 130.282196, ""SrcLoad"": 130.282196, ""Rate"": 0.387745, ""SrcRate"": 0.387745, "" e        "": 1.0, ""udp"": 1.0, ""REQ"": 1.0, ""Status"": 1.0, ""cs0"": 1.0}"
76,38,38,"{""5|Benign"": 38, ""15|UDPFlood"": 38}","{""Dur"": 2.575058, ""RunTime"": 2.575058, ""Mean"": 2.575058, ""Sum"": 2.575058, ""Min"": 2.575058, ""Max"": 2.575058, ""sTtl"": 63.0, ""sHops"": 1.0, ""TotPkts"": 2.0, ""SrcPkts"": 2.0, ""TotBytes"": 84.0, ""SrcBytes"": 84.0, ""sMeanPktSz"": 42.0, ""Load"": 130.482498, ""SrcLoad"": 130.482498, ""Rate"": 0.388341, ""SrcRate"": 0.388341, "" e        "": 1.0, ""udp"": 1.0, ""REQ"": 1.0, ""Status"": 1.0, ""cs0"": 1.0}"
76,38,38,"{""5|Benign"": 38, ""15|UDPFlood"": 38}","{""Dur"": 2.575093, ""RunTime"": 2.575093, ""Mean"": 2.575093, ""Sum"": 2.575093, ""Min"": 2.575093, ""Max"": 2.575093, ""sTtl"": 63.0, ""sHops"": 1.0, ""TotPkts"": 2.0, ""SrcPkts"": 2.0, ""TotBytes"": 84.0, ""SrcBytes"": 84.0, ""sMeanPktSz"": 42.0, ""Load"": 130.480728, ""SrcLoad"": 130.480728, ""Rate"": 0.388335, ""SrcRate"": 0.388335, "" e        "": 1.0, ""udp"": 1.0, ""REQ"": 1.0, ""Status"": 1.0, ""cs0"": 1.0}"
74,37,37,"{""5|Benign"": 37, ""15|UDPFlood"": 37}","{""Dur"": 2.576019, ""RunTime"": 2.576019, ""Mean"": 2.576019, ""Sum"": 2.576019, ""Min"": 2.576019, ""Max"": 2.576019, ""sTtl"": 63.0, ""sHops"": 1.0, ""TotPkts"": 2.0, ""SrcPkts"": 2.0, ""TotBytes"": 84.0, ""SrcBytes"": 84.0, ""sMeanPktSz"": 42.0, ""Load"": 130.433823, ""SrcLoad"": 130.433823, ""Rate"": 0.388196, ""SrcRate"": 0.388196, "" e        "": 1.0, ""udp"": 1.0, ""REQ"": 1.0, ""Status"": 1.0, ""cs0"": 1.0}"
74,37,37,"{""5|Benign"": 37, ""15|UDPFlood"": 37}","{""Dur"": 2.578065, ""RunTime"": 2.578065, ""Mean"": 2.578065, ""Sum"": 2.578065, ""Min"": 2.578065, ""Max"": 2.578065, ""sTtl"": 63.0, ""sHops"": 1.0, ""TotPkts"": 2.0, ""SrcPkts"": 2.0, ""TotBytes"": 84.0, ""SrcBytes"": 84.0, ""sMeanPktSz"": 42.0, ""Load"": 130.330307, ""SrcLoad"": 130.330307, ""Rate"": 0.387888, ""SrcRate"": 0.387888, "" e        "": 1.0, ""udp"": 1.0, ""REQ"": 1.0, ""Status"": 1.0, ""cs0"": 1.0}"
72,36,36,"{""5|Benign"": 36, ""15|UDPFlood"": 36}","{""Dur"": 2.577029, ""RunTime"": 2.577029, ""Mean"": 2.577029, ""Sum"": 2.577029, ""Min"": 2.577029, ""Max"": 2.577029, ""sTtl"": 63.0, ""sHops"": 1.0, ""TotPkts"": 2.0, ""SrcPkts"": 2.0, ""TotBytes"": 84.0, ""SrcBytes"": 84.0, ""sMeanPktSz"": 42.0, ""Load"": 130.382706, ""SrcLoad"": 130.382706, ""Rate"": 0.388044, ""SrcRate"": 0.388044, "" e        "": 1.0, ""udp"": 1.0, ""REQ"": 1.0, ""Status"": 1.0, ""cs0"": 1.0}"
68,34,34,"{""5|Benign"": 34, ""15|UDPFlood"": 34}","{""Dur"": 2.577988, ""RunTime"": 2.577988, ""Mean"": 2.577988, ""Sum"": 2.577988, ""Min"": 2.577988, ""Max"": 2.577988, ""sTtl"": 63.0, ""sHops"": 1.0, ""TotPkts"": 2.0, ""SrcPkts"": 2.0, ""TotBytes"": 84.0, ""SrcBytes"": 84.0, ""sMeanPktSz"": 42.0, ""Load"": 130.334198, ""SrcLoad"": 130.334198, ""Rate"": 0.387899, ""SrcRate"": 0.387899, "" e        "": 1.0, ""udp"": 1.0, ""REQ"": 1.0, ""Status"": 1.0, ""cs0"": 1.0}"
