direction,model,split_seed,benign,benign__n,bruteforce,bruteforce__n,ddos,ddos__n,dos,dos__n,probe,probe__n,web,web__n
b_to_a,majority,101,0.0,88046,1.0,28566,1.0,420282,1.0,632507,1.0,183293,1.0,287488
b_to_a,stratified,101,0.3921927174431547,88046,0.6023944549464398,28566,0.6073445924403139,420282,0.6071711459319817,632507,0.608735740044628,183293,0.6077088434995548,287488
b_to_a,logreg,101,0.7387388410603548,88046,0.5326612056290695,28566,0.9595105191276333,420282,0.8340018371338183,632507,0.921366336957767,183293,0.28763287511130897,287488
b_to_a,tree,101,0.7900756422779002,88046,0.47987117552334946,28566,0.4613687952374834,420282,0.5565946305732585,632507,0.46746466040710777,183293,0.01525281055209261,287488
b_to_a,rf,101,0.920053154033119,88046,0.3450605615066863,28566,0.4415202173778558,420282,0.38015231451983933,632507,0.7982956250375083,183293,0.005001947907390917,287488
b_to_a,xgboost,101,0.9078777002930286,88046,0.3598333683399846,28566,0.7506388567675989,420282,0.6354981051593105,632507,0.8668961717032293,183293,0.004970642252894034,287488
b_to_a,hgb,101,0.8888308384253686,88046,0.31901561296646364,28566,0.6433537481976387,420282,0.5446516797442558,632507,0.6072463214634493,183293,0.0053289180765805876,287488
b_to_a,mlp,101,0.8618790177861573,88046,0.3979556115661976,28566,0.5502020072237213,420282,0.5385284273533731,632507,0.48115858216080265,183293,0.004358442787177204,287488
b_to_a,majority,102,0.0,88046,1.0,28566,1.0,420282,1.0,632507,1.0,183293,1.0,287488
b_to_a,stratified,102,0.39221543284192356,88046,0.6023594482951761,28566,0.6073017640536592,420282,0.6071411067387397,632507,0.6086866383331606,183293,0.6076705810329475,287488
b_to_a,logreg,102,0.7427708243418213,88046,0.5280053210109921,28566,0.959553347514288,420282,0.834033457337231,632507,0.9209517002831532,183293,0.2873372105966162,287488
b_to_a,tree,102,0.7884060604683916,88046,0.5205489042918154,28566,0.8694257665091534,420282,0.8254422480699818,632507,0.9199478430709301,183293,0.010268254674977738,287488
b_to_a,rf,102,0.8908184358176408,88046,0.3563327032136106,28566,0.48520993047525235,420282,0.389742722214932,632507,0.48380461883432535,183293,0.0050610808103294744,287488
b_to_a,xgboost,102,0.8782795356972491,88046,0.4233004270811454,28566,0.8784268657710775,420282,0.762725155610926,632507,0.9125553076222224,183293,0.00635504786286732,287488
b_to_a,hgb,102,0.8840606046839152,88046,0.24756703773717006,28566,0.9065579777387563,420282,0.7800403789997581,632507,0.9172308817030655,183293,0.004935858192341941,287488
b_to_a,mlp,102,0.8623446834609182,88046,0.3984106980326262,28566,0.9317458278013334,420282,0.7774301312080341,632507,0.8887900792719853,183293,0.004114954363312556,287488
b_to_a,majority,103,0.0,88046,1.0,28566,1.0,420282,1.0,632507,1.0,183293,1.0,287488
b_to_a,stratified,103,0.3909433705108693,88046,0.6033046278792971,28566,0.6085533046859014,420282,0.6084406970990044,632507,0.6099687385770324,183293,0.6089506344612645,287488
b_to_a,logreg,103,0.742679962746746,88046,0.5159630329762654,28566,0.9600506326704451,420282,0.8353947070941508,632507,0.9211917530947717,183293,0.29332006901157615,287488
b_to_a,tree,103,0.7839538423097018,88046,0.4322971364559266,28566,0.4864971614297067,420282,0.4102515861484537,632507,0.4721238672507952,183293,0.19592817787177205,287488
b_to_a,rf,103,0.8726347591031961,88046,0.3546173773016873,28566,0.4365973322673824,420282,0.38031199654707376,632507,0.4761774863197176,183293,0.00569762911843277,287488
b_to_a,xgboost,103,0.8789382822615451,88046,0.3775467338794371,28566,0.8873042385826659,420282,0.7373325512603023,632507,0.9175636821919004,183293,0.004758459483526269,287488
b_to_a,hgb,103,0.8464552620221248,88046,0.3342084996149268,28566,0.65602381258298,420282,0.525625803350793,632507,0.8841581511568909,183293,0.004869768477292966,287488
b_to_a,mlp,103,0.8312018717488585,88046,0.4036266890709235,28566,0.9270442226885758,420282,0.7778917861778605,632507,0.8892974636238155,183293,0.005022818343722172,287488
b_to_a,majority,104,0.0,88046,1.0,28566,1.0,420282,1.0,632507,1.0,183293,1.0,287488
b_to_a,stratified,104,0.39182927106285353,88046,0.6027445214590772,28566,0.6076777021142947,420282,0.6075063200881571,632507,0.6090794520249,183293,0.6081053817898486,287488
b_to_a,logreg,104,0.681995774935829,88046,0.5991738430301757,28566,0.9649521035875912,420282,0.8646402332306203,632507,0.9248852929462663,183293,0.3080754674977738,287488
b_to_a,tree,104,0.8640596960679645,88046,0.39385983336833996,28566,0.8597037227385422,420282,0.7546746518220352,632507,0.8533386435924994,183293,0.00672723731077471,287488
b_to_a,rf,104,0.9035163437294141,88046,0.35419729748652246,28566,0.6089839679072623,420282,0.5078520870124758,632507,0.8529021839350112,183293,0.003923642030276046,287488
b_to_a,xgboost,104,0.899961383822093,88046,0.348736259889379,28566,0.8742439600078042,420282,0.8105364841812027,632507,0.8796626166847615,183293,0.0035131901157613534,287488
b_to_a,hgb,104,0.8501578720214433,88046,0.4287964713295526,28566,0.7316944337373478,420282,0.733131807236916,632507,0.6769871189843584,183293,0.004970642252894034,287488
b_to_a,mlp,104,0.8542920745973696,88046,0.4651333753413148,28566,0.8853912373120905,420282,0.7493403235063011,632507,0.885380238197858,183293,0.004887160507569012,287488
b_to_a,majority,105,0.0,88046,1.0,28566,1.0,420282,1.0,632507,1.0,183293,1.0,287488
b_to_a,stratified,105,0.39222679054130793,88046,0.6023594482951761,28566,0.6072946259892168,420282,0.6071300396675452,632507,0.608681182587442,183293,0.6076531890026714,287488
b_to_a,logreg,105,0.7397496763055675,88046,0.529895680179234,28566,0.9600910817022856,420282,0.8340587534999613,632507,0.9211972088404904,183293,0.2875250445235975,287488
b_to_a,tree,105,0.79810553574268,88046,0.46355807603444654,28566,0.46227057071204575,420282,0.35111548172589396,632507,0.48683801345386896,183293,0.00813947016918967,287488
b_to_a,rf,105,0.8844240510642164,88046,0.3535671777637751,28566,0.4999405161296463,420282,0.3975797896307867,632507,0.4843065474404369,183293,0.004546276714158504,287488
b_to_a,xgboost,105,0.8752015991640734,88046,0.3483511867254778,28566,0.9026225248761546,420282,0.7570888543526001,632507,0.9171981472287539,183293,0.004734110641139804,287488
b_to_a,hgb,105,0.8780069509120233,88046,0.35654274312119305,28566,0.9094274796446196,420282,0.7868134265707731,632507,0.9173018063974074,183293,0.003996688557435441,287488
b_to_a,mlp,105,0.8735206596551802,88046,0.3817825386823496,28566,0.8995436397466463,420282,0.7680025675605171,632507,0.8877043858739831,183293,0.004212349732858415,287488
b_to_a,majority,106,0.0,88046,1.0,28566,1.0,420282,1.0,632507,1.0,183293,1.0,287488
b_to_a,stratified,106,0.3938963723508166,88046,0.6004690891269341,28566,0.605586249232658,420282,0.6053008109001166,632507,0.6070553703632982,183293,0.6060079029385574,287488
b_to_a,logreg,106,0.7615564591236399,88046,0.5153329132535182,28566,0.9584374301064523,420282,0.8329061970855659,632507,0.9210662709432439,183293,0.27063042631344614,287488
b_to_a,tree,106,0.8654339776934784,88046,0.3186305398025625,28566,0.1873789503238302,420282,0.19627608864407825,632507,0.19015456127620803,183293,0.18950356188780054,287488
b_to_a,rf,106,0.8936692183631284,88046,0.3427501225232794,28566,0.433197234237964,420282,0.35917547157580865,632507,0.4421609117642245,183293,0.00437583481745325,287488
b_to_a,xgboost,106,0.9043795288826295,88046,0.3506966323601484,28566,0.7630091224463574,420282,0.6334680881002107,632507,0.8476428450622774,183293,0.004292353072128228,287488
b_to_a,hgb,106,0.8832087772300843,88046,0.14405236995029055,28566,0.8592088169371993,420282,0.7235113603485811,632507,0.8789697369784989,183293,0.003318399376669635,287488
b_to_a,mlp,106,0.8060672830111533,88046,0.4557165861513688,28566,0.9203939259830305,420282,0.8562134490211175,632507,0.8893792998095945,183293,0.004177565672306322,287488
b_to_a,majority,107,0.0,88046,1.0,28566,1.0,420282,1.0,632507,1.0,183293,1.0,287488
b_to_a,stratified,107,0.3919996365536197,88046,0.6025344815514948,28566,0.6075753898572863,420282,0.6073735152338235,632507,0.6089594256190908,183293,0.6079697239536954,287488
b_to_a,logreg,107,0.6811098743838448,88046,0.5986837499124834,28566,0.9644453010121775,420282,0.8421266484007291,632507,0.9249944078606385,183293,0.3087954975512021,287488
b_to_a,tree,107,0.8695000340730982,88046,0.376216481131415,28566,0.4716951951308883,420282,0.5194788358073508,632507,0.4872853846027944,183293,0.194714214158504,287488
b_to_a,rf,107,0.8812325375371964,88046,0.35048659245256597,28566,0.5493882678772823,420282,0.4723141403968652,632507,0.522960505856743,183293,0.004834984416740872,287488
b_to_a,xgboost,107,0.8808804488562797,88046,0.38598333683399844,28566,0.8984586539513946,420282,0.7861573073499581,632507,0.9170508420943516,183293,0.004633236865538736,287488
b_to_a,hgb,107,0.8706925925084615,88046,0.4571518588531821,28566,0.9230897349874608,420282,0.8132937659187962,632507,0.9178801154435794,183293,0.0044140972840605525,287488
b_to_a,mlp,107,0.8380732798764282,88046,0.45186585451235733,28566,0.9394787309473164,420282,0.8156067837984402,632507,0.88861549540899,183293,0.003892336375779163,287488
b_to_a,majority,108,0.0,88046,1.0,28566,1.0,420282,1.0,632507,1.0,183293,1.0,287488
b_to_a,stratified,108,0.39337391817913364,88046,0.6011692221522089,28566,0.6062500892258055,420282,0.6060328186091221,632507,0.607731882832405,183293,0.6066340160284951,287488
b_to_a,logreg,108,0.6791449923903414,88046,0.5976335503745712,28566,0.964949724232777,420282,0.8770827832735448,632507,0.9248743814548291,183293,0.30888593610863757,287488
b_to_a,tree,108,0.8036253776435045,88046,0.4534411538192257,28566,0.4363379825926402,420282,0.4395935539053323,632507,0.4404805420828946,183293,0.19607774933214603,287488
b_to_a,rf,108,0.8767462462803535,88046,0.35668276972624796,28566,0.4869373420703242,420282,0.4067464866001483,632507,0.7869094837227827,183293,0.004984555877114871,287488
b_to_a,xgboost,108,0.8766894577834314,88046,0.40513197507526433,28566,0.860179593701372,420282,0.749179060468896,632507,0.8895156934525595,183293,0.12271816562778272,287488
b_to_a,hgb,108,0.8792562978443087,88046,0.29727648253168104,28566,0.887577864386293,420282,0.7504059243613114,632507,0.9177164430720213,183293,0.0039375556544968835,287488
b_to_a,mlp,108,0.8188674102173864,88046,0.4832318140446685,28566,0.9317363103820768,420282,0.8718306674866839,632507,0.8897448347727409,183293,0.006184605966162066,287488
b_to_a,majority,109,0.0,88046,1.0,28566,1.0,420282,1.0,632507,1.0,183293,1.0,287488
b_to_a,stratified,109,0.3906480703268746,88046,0.603584681089407,28566,0.608788860812502,420282,0.6086936587263065,632507,0.6101760569143393,183293,0.6092115149154052,287488
b_to_a,logreg,109,0.6820298480339823,88046,0.5920674928236365,28566,0.9635696984405708,420282,0.8704599316687405,632507,0.924574315440306,183293,0.29918118321460374,287488
b_to_a,tree,109,0.7780251232310383,88046,0.4986697472519779,28566,0.858195211786372,420282,0.6212010301862272,632507,0.8928273311037519,183293,0.19782043076580588,287488
b_to_a,rf,109,0.9158735206596552,88046,0.24889729048519219,28566,0.4026058693924555,420282,0.3570553369369825,632507,0.42978182472871307,183293,0.004254090605520926,287488
b_to_a,xgboost,109,0.9016763964291393,88046,0.15105370020303857,28566,0.795651491141662,420282,0.6676131647554888,632507,0.8545552748877481,183293,0.004184522484416741,287488
b_to_a,hgb,109,0.8850032937328215,88046,0.35307708464608273,28566,0.831422711417572,420282,0.6742470834314878,632507,0.8611021697500723,183293,0.004633236865538736,287488
b_to_a,mlp,109,0.8714081275696794,88046,0.4582020583910943,28566,0.9062224887099614,420282,0.7732752364795963,632507,0.9175582264461818,183293,0.004379313223508459,287488
b_to_a,majority,110,0.0,88046,1.0,28566,1.0,420282,1.0,632507,1.0,183293,1.0,287488
b_to_a,stratified,110,0.39169297867024055,88046,0.6028495414128684,28566,0.6078394982416568,420282,0.6076912982781218,632507,0.6092594916336139,183293,0.6082758236865539,287488
b_to_a,logreg,110,0.680178543034323,88046,0.5981586501435273,28566,0.9642668494011164,420282,0.8815617850869635,632507,0.9249398504034524,183293,0.294015750222618,287488
b_to_a,tree,110,0.7797628512368535,88046,0.5184134985647273,28566,0.49409206199646905,420282,0.37323697603346684,632507,0.48776549022603155,183293,0.19102014692787178,287488
b_to_a,rf,110,0.8617540830929287,88046,0.35472239725547855,28566,0.7666328798283057,420282,0.6046162334962301,632507,0.9147048714353522,183293,0.00597590160284951,287488
b_to_a,xgboost,110,0.8909092974127161,88046,0.3591682419659735,28566,0.9037098900262205,420282,0.7639931257677781,632507,0.917143589771568,183293,0.004977599065004452,287488
b_to_a,hgb,110,0.862287894963996,88046,0.40194636981026394,28566,0.9254215027053264,420282,0.8536458885040007,632507,0.9187148445385257,183293,0.005273263579697239,287488
b_to_a,mlp,110,0.8542125707016787,88046,0.3870685430231744,28566,0.586208783626232,420282,0.5427291713767595,632507,0.48067302079184693,183293,0.0032070903829029386,287488
b_to_a,majority,111,0.0,88046,1.0,28566,1.0,420282,1.0,632507,1.0,183293,1.0,287488
b_to_a,stratified,111,0.3925448061240715,88046,0.6021844150388573,28566,0.6069591369604218,420282,0.6067569212672745,632507,0.6083974838100746,183293,0.6073436108637578,287488
b_to_a,logreg,111,0.6871408127569679,88046,0.5927676258489113,28566,0.9648450326209546,420282,0.8746701617531506,632507,0.924710709083271,183293,0.3019082535618878,287488
b_to_a,tree,111,0.8533039547509257,88046,0.36361408667646855,28566,0.9032126048700634,420282,0.7659124721149331,632507,0.9198769183765884,183293,0.19408462266251114,287488
b_to_a,rf,111,0.8848783590395929,88046,0.3517468318980606,28566,0.4768869473353605,420282,0.3816005198361441,632507,0.4850539846038856,183293,0.0054332702582368655,287488
b_to_a,xgboost,111,0.8731685709742635,88046,0.35829307568438,28566,0.8893600011420904,420282,0.7422605599621822,632507,0.8985995100740345,183293,0.006010685663401603,287488
b_to_a,hgb,111,0.8614474252095495,88046,0.37919204648883287,28566,0.8638414207603466,420282,0.7431569927289342,632507,0.8983976474824461,183293,0.004410618878005343,287488
b_to_a,mlp,111,0.8885014651432206,88046,0.36042848141146816,28566,0.9066602899957648,420282,0.7703756638266454,632507,0.8879662616684761,183293,0.003596671861086376,287488
b_to_a,majority,112,0.0,88046,1.0,28566,1.0,420282,1.0,632507,1.0,183293,1.0,287488
b_to_a,stratified,112,0.39163619017331847,88046,0.6029545613666597,28566,0.6079465692082935,420282,0.6077798348476776,632507,0.6093358720736743,183293,0.6083662622439893,287488
b_to_a,logreg,112,0.6809508665924631,88046,0.5967233774417139,28566,0.964357264884054,420282,0.8616363139064074,632507,0.9249398504034524,183293,0.29178957034728403,287488
b_to_a,tree,112,0.8538491243213775,88046,0.33725407827487225,28566,0.29730752209230943,420282,0.23915940851247497,632507,0.19330798230156088,183293,0.18927746549421193,287488
b_to_a,rf,112,0.8867069486404834,88046,0.35514247707064345,28566,0.4945346219919007,420282,0.42227200647581764,632507,0.47963097335959365,183293,0.005099343276936777,287488
b_to_a,xgboost,112,0.8882629534561479,88046,0.39371980676328505,28566,0.8684478516805383,420282,0.7416771672092166,632507,0.9172036029744726,183293,0.004935858192341941,287488
b_to_a,hgb,112,0.8750766644708448,88046,0.355877616747182,28566,0.9069577093475333,420282,0.7689337825510232,632507,0.9182947521181932,183293,0.005047167186108637,287488
b_to_a,mlp,112,0.8626513413442973,88046,0.39575019253658195,28566,0.922340238221004,420282,0.8086471770272898,632507,0.9175036689889957,183293,0.004577582368655388,287488
b_to_a,majority,113,0.0,88046,1.0,28566,1.0,420282,1.0,632507,1.0,183293,1.0,287488
b_to_a,stratified,113,0.3920337096517729,88046,0.6024294615977036,28566,0.6075111472773043,420282,0.6073118558371686,632507,0.6088830451790302,183293,0.6078897206144257,287488
b_to_a,logreg,113,0.6826999522976626,88046,0.5934677588741861,28566,0.963603009407969,420282,0.8409709299659924,632507,0.924710709083271,183293,0.30909811887800537,287488
b_to_a,tree,113,0.8153805965063716,88046,0.5043408247567037,28566,0.39151093789408065,420282,0.3652512936615721,632507,0.43530303939593984,183293,0.009231689670525378,287488
b_to_a,rf,113,0.9036526361220272,88046,0.32605194987047537,28566,0.46889707386944957,420282,0.3785317790949349,632507,0.4827189254363233,183293,0.0043967052537845054,287488
b_to_a,xgboost,113,0.9004270494968539,88046,0.35132675208289577,28566,0.8418038364717023,420282,0.7656500244266071,632507,0.8508508235448162,183293,0.0064733136687444345,287488
b_to_a,hgb,113,0.8888535538241373,88046,0.21056500735139677,28566,0.901380501663169,420282,0.7472470660403758,632507,0.897808426944837,183293,0.00484889804096171,287488
b_to_a,mlp,113,0.8989959793744179,88046,0.3784219001610306,28566,0.7759028461842287,420282,0.7682144229233827,632507,0.5156279836109399,183293,0.002932296304541407,287488
b_to_a,majority,114,0.0,88046,1.0,28566,1.0,420282,1.0,632507,1.0,183293,1.0,287488
b_to_a,stratified,114,0.393657860663744,88046,0.6008191556395716,28566,0.6059241176162672,420282,0.6057055495038,632507,0.6074045380892887,183293,0.6063731355743545,287488
b_to_a,logreg,114,0.6823365059173614,88046,0.5992438563327032,28566,0.9657706016436584,420282,0.8843554300584816,632507,0.9247925452690501,183293,0.3090842052537845,287488
b_to_a,tree,114,0.7910751198237285,88046,0.45792200518098436,28566,0.46313903521920996,420282,0.34744595711984216,632507,0.42271117827740284,183293,0.19113841273374887,287488
b_to_a,rf,114,0.8867410217386367,88046,0.3031225932927256,28566,0.414414607335075,420282,0.37167968101538795,632507,0.45670592985002156,183293,0.005266306767586821,287488
b_to_a,xgboost,114,0.894952638393567,88046,0.36921515087866696,28566,0.8032987375143356,420282,0.7228062298124763,632507,0.8561047066718315,183293,0.006059383348174532,287488
b_to_a,hgb,114,0.9054017218272267,88046,0.35048659245256597,28566,0.41365083443973333,420282,0.38124479254775046,632507,0.8505453017845744,183293,0.0044975790293855745,287488
b_to_a,mlp,114,0.8323489993866843,88046,0.48799271861653715,28566,0.9524343179103554,420282,0.8257710981854747,632507,0.9186111853698723,183293,0.005154997773820125,287488
b_to_a,majority,115,0.0,88046,1.0,28566,1.0,420282,1.0,632507,1.0,183293,1.0,287488
b_to_a,stratified,115,0.3928741794062195,88046,0.6017993418749562,28566,0.6067449950271484,420282,0.6064944735789485,632507,0.608130152269863,183293,0.6070688167853963,287488
b_to_a,logreg,115,0.7392726529314222,88046,0.5232094097878597,28566,0.9592535488077053,420282,0.8340302953168898,632507,0.9213554254663299,183293,0.2873719946571683,287488
b_to_a,tree,115,0.8720895895327443,88046,0.3160400476090457,28566,0.18863049095607234,420282,0.29815164100950664,632507,0.13831952120375574,183293,0.006911592831700801,287488
b_to_a,rf,115,0.894623265111419,88046,0.3410698032626199,28566,0.44539856572491804,420282,0.3849775575606278,632507,0.4824897841161419,183293,0.005214130676758682,287488
b_to_a,xgboost,115,0.8942711764305022,88046,0.33452355947630047,28566,0.8552210182686862,420282,0.7359839495847477,632507,0.9021457447911267,183293,0.003175784728406055,287488
b_to_a,hgb,115,0.8930104717988324,88046,0.30210740040607714,28566,0.6669521892443645,420282,0.6091742858181807,632507,0.6937362583404713,183293,0.0040210373998219055,287488
b_to_a,mlp,115,0.8768825386729664,88046,0.38965903521669115,28566,0.794802061473011,420282,0.7995911507698729,632507,0.5200034916772599,183293,0.003241874443455031,287488
b_to_a,majority,116,0.0,88046,1.0,28566,1.0,420282,1.0,632507,1.0,183293,1.0,287488
b_to_a,stratified,116,0.3929309679031415,88046,0.6017293285724288,28566,0.6066831318019805,420282,0.6064470432738294,632507,0.6080865063041142,183293,0.6070166406945681,287488
b_to_a,logreg,116,0.7453944528996207,88046,0.5289505005951131,28566,0.9599792520260206,420282,0.8343212011882872,632507,0.9210280807232136,183293,0.28761548308103296,287488
b_to_a,tree,116,0.7833745996410967,88046,0.4445844710494994,28566,0.30749116069686544,420282,0.3018338136969235,632507,0.19340618572449575,183293,0.19164973842386465,287488
b_to_a,rf,116,0.8735774481521024,88046,0.34110480991388364,28566,0.47950661698573815,420282,0.3903656402221635,632507,0.4849230467066391,183293,0.005481967943009795,287488
b_to_a,xgboost,116,0.8744065602071645,88046,0.37352096898410697,28566,0.8104796303434361,420282,0.6619389192530676,632507,0.8519365169428184,183293,0.005422835040071238,287488
b_to_a,hgb,116,0.8388001726370307,88046,0.43625288804872925,28566,0.9124254667104468,420282,0.8523478791539066,632507,0.8999198005379365,183293,0.0053915293855743545,287488
b_to_a,mlp,116,0.8825386729664039,88046,0.3431702023384443,28566,0.7635992024402662,420282,0.7612279389793315,632507,0.5205490662491202,183293,0.002960123552983081,287488
b_to_a,majority,117,0.0,88046,1.0,28566,1.0,420282,1.0,632507,1.0,183293,1.0,287488
b_to_a,stratified,117,0.3916589055720873,88046,0.6029545613666597,28566,0.6079346724342227,420282,0.6077782538375069,632507,0.6093249605822372,183293,0.6083523486197685,287488
b_to_a,logreg,117,0.6815073938622993,88046,0.5946229783658895,28566,0.9651257964890241,420282,0.8861783347852277,632507,0.9246670631175222,183293,0.30880245436331255,287488
b_to_a,tree,117,0.8415373781886741,88046,0.3323531470979486,28566,0.29630581371555287,420282,0.2460605179073117,632507,0.1231852825803495,183293,0.007335958370436331,287488
b_to_a,rf,117,0.8845944165549826,88046,0.35052159910382974,28566,0.4485750044018064,420282,0.3658504965162441,632507,0.4822660985416792,183293,0.005210652270703473,287488
b_to_a,xgboost,117,0.8900574699588851,88046,0.19719246656864806,28566,0.8831998515282596,420282,0.7735281981068984,632507,0.898206696382295,183293,0.005078472840605521,287488
b_to_a,hgb,117,0.8801421983962928,88046,0.2820485892319541,28566,0.8963005791349618,420282,0.8364697940101848,632507,0.9181365354923537,183293,0.004772373107747106,287488
b_to_a,mlp,117,0.8334961270245099,88046,0.3757964013162501,28566,0.939169414821477,420282,0.7994994521799759,632507,0.9183438538296607,183293,0.003961904496883348,287488
b_to_a,majority,118,0.0,88046,1.0,28566,1.0,420282,1.0,632507,1.0,183293,1.0,287488
b_to_a,stratified,118,0.391568043977012,88046,0.6029895680179234,28566,0.6080203292075321,420282,0.6078715334375746,632507,0.6094177082594534,183293,0.6084149599287623,287488
b_to_a,logreg,118,0.682654521500125,88046,0.5939578519918784,28566,0.9640503281130288,420282,0.8413314002848981,632507,0.9249016601834221,183293,0.30799894256455923,287488
b_to_a,tree,118,0.8061922177043818,88046,0.4706994328922495,28566,0.4348199542212134,420282,0.3882075613392421,632507,0.4833736149225557,183293,0.1951594501335708,287488
b_to_a,rf,118,0.8777457238261818,88046,0.3540572708814675,28566,0.49118924912320777,420282,0.3972762356780241,632507,0.48520128973828786,183293,0.005120213713268032,287488
b_to_a,xgboost,118,0.8886036844376803,88046,0.3680599313869635,28566,0.8505265512203711,420282,0.6929030034450212,632507,0.851789211808416,183293,0.005381094167408727,287488
b_to_a,hgb,118,0.8807100833655135,88046,0.25348316180074215,28566,0.8902760527455376,420282,0.737403696717981,632507,0.9173072621431261,183293,0.1626780943900267,287488
b_to_a,mlp,118,0.8550303250573564,88046,0.39000910172932857,28566,0.9181739879414298,420282,0.7985793042606643,632507,0.5220930422874851,183293,0.0037253728851291182,287488
b_to_a,majority,119,0.0,88046,1.0,28566,1.0,420282,1.0,632507,1.0,183293,1.0,287488
b_to_a,stratified,119,0.3933512027803648,88046,0.6012042288034727,28566,0.6062857795480178,420282,0.6060644388125349,632507,0.6077755287981538,183293,0.6066688000890472,287488
b_to_a,logreg,119,0.7321968062149331,88046,0.5277952811034097,28566,0.961168929433095,420282,0.8584031481074518,632507,0.9212954122634253,183293,0.30597103183437224,287488
b_to_a,tree,119,0.8111101015378325,88046,0.4807463418049429,28566,0.36033663111910574,420282,0.378190280898077,632507,0.4331971215485589,183293,0.19556642364203028,287488
b_to_a,rf,119,0.8915794016763964,88046,0.3399145837709165,28566,0.47045793062753105,420282,0.3807894616186066,632507,0.4843120031861555,183293,0.004817592386464826,287488
b_to_a,xgboost,119,0.8459895963473639,88046,0.43429251557795984,28566,0.8885581585697222,420282,0.7815866069466425,632507,0.8583415624164589,183293,0.007353350400712377,287488
b_to_a,hgb,119,0.8557685755173432,88046,0.34401036196877405,28566,0.8843371831294227,420282,0.7325515765042917,632507,0.9183874997954096,183293,0.005801981300089047,287488
b_to_a,mlp,119,0.8481021284328646,88046,0.47157459917384303,28566,0.9113357222055667,420282,0.7750206717079811,632507,0.9176782528519911,183293,0.005450662288512912,287488
b_to_a,majority,120,0.0,88046,1.0,28566,1.0,420282,1.0,632507,1.0,183293,1.0,287488
b_to_a,stratified,120,0.3928173909092974,88046,0.60183434852622,28566,0.6067735472849182,420282,0.6065292558027026,632507,0.608157430998456,183293,0.607114036064114,287488
b_to_a,logreg,120,0.6818935556413693,88046,0.5971434572568788,28566,0.9645904416558406,420282,0.862158047262718,632507,0.9248798372005478,183293,0.3073623942564559,287488
b_to_a,tree,120,0.8033868659564318,88046,0.4561716726177974,28566,0.379635578016665,420282,0.3559596968887301,632507,0.43858194257282057,183293,0.19563947016918967,287488
b_to_a,rf,120,0.9068100765508939,88046,0.34292515577959815,28566,0.4953864310153659,420282,0.3743484261834256,632507,0.48251706284473495,183293,0.004170608860195904,287488
b_to_a,xgboost,120,0.8960884083320083,88046,0.3841979976195477,28566,0.8313489514183334,420282,0.6552733803736559,632507,0.8915506866055987,183293,0.004139303205699021,287488
b_to_a,hgb,120,0.8850827976285124,88046,0.44689491003290627,28566,0.9021514126229532,420282,0.7841810446366602,632507,0.9172308817030655,183293,0.003986253339269813,287488
b_to_a,mlp,120,0.8456375076664471,88046,0.4619127634250508,28566,0.9356051413098824,420282,0.7853083048883254,632507,0.8885936724261155,183293,0.004316701914514693,287488
