model,split_seed,domain,n_train,n_eval,train_prevalence,threshold,tp,fp,tn,fn,accuracy,balanced_accuracy,precision,recall,f1,f1_macro,mcc,fpr,fnr,tnr,roc_auc,pr_auc,pr_auc_benign,brier
majority,101,source_heldout,240000,60000,0.6069666666666667,0.5,36552,23448,0,0,0.6092,0.5,0.6092,1.0,0.7571464081531195,0.37857320407655976,0.0,1.0,0.0,0.0,0.5,0.6092,0.3908,0.3908
majority,101,target,240000,39425,0.6069666666666667,0.5,839,38586,0,0,0.021280913126188968,0.5,0.021280913126188968,1.0,0.04167494536061991,0.020837472680309953,0.0,1.0,0.0,0.0,0.5,0.021280913126188968,0.978719086873811,0.978719086873811
stratified,101,source_heldout,240000,60000,0.6069666666666667,0.5,22206,14146,9302,14346,0.5251333333333333,0.5021128323961511,0.6108604753521126,0.6075180564674983,0.6091846812246242,0.502103806554218,0.004219316995850375,0.6032923916751962,0.39248194353250165,0.39670760832480384,0.502112832396151,0.6102087687587276,0.391812597512291,0.47486666666666666
stratified,101,target,240000,39425,0.6069666666666667,0.5,481,23395,15191,358,0.3975142675967026,0.48349678105536065,0.02014575305746356,0.5733015494636472,0.03892373052801942,0.3000751468747976,-0.009746810008260151,0.6063079873529259,0.4266984505363528,0.39369201264707404,0.48349678105536065,0.020630124099899432,0.9780328519504637,0.6024857324032974
logreg,101,source_heldout,240000,60000,0.6069666666666667,0.5,28113,8364,15084,8439,0.71995,0.7062096220289239,0.7707048276996463,0.7691234405778069,0.7699133221049173,0.7060909779714086,0.4121843385758069,0.35670419651995905,0.23087655942219304,0.6432958034800409,0.8131963860565457,0.8606845407043089,0.7538260920707041,0.15676377244947434
logreg,101,target,240000,39425,0.6069666666666667,0.5,582,30228,8358,257,0.2267596702599873,0.45514500772758,0.018889970788704965,0.6936829558998808,0.03677841322000695,0.1954617262600109,-0.031330198913756484,0.7833929404447209,0.3063170441001192,0.21660705955527912,0.7273904113511562,0.3243062788704241,0.9872429909752525,0.33027443894188985
tree,101,source_heldout,240000,60000,0.6069666666666667,0.5,29551,7183,16265,7001,0.7636,0.7510636127989054,0.8044590842271465,0.8084646530969578,0.8064568949048931,0.7514110051439309,0.5028370527454383,0.30633742749914705,0.19153534690304225,0.693662572500853,0.8643134275494393,0.8868673393270752,0.7817251408719907,0.1390191355625265
tree,101,target,240000,39425,0.6069666666666667,0.5,697,30167,8419,142,0.23122384273937857,0.5244694188675767,0.022582944530844997,0.8307508939213349,0.043970602151215975,0.20055445711947079,0.017130149675685036,0.7818120561861815,0.16924910607866508,0.21818794381381848,0.5763886585060803,0.02583722627631024,0.9810186086902491,0.7631405653187283
rf,101,source_heldout,240000,60000,0.6069666666666667,0.5,31862,9961,13487,4690,0.7558166666666667,0.7234386484458815,0.7618296152834565,0.871689647625301,0.8130653907496013,0.7305447073868127,0.4744911013495894,0.42481235073353807,0.12831035237469907,0.5751876492664619,0.8436943208514592,0.8876226693230678,0.7841285097031732,0.15266489283050796
rf,101,target,240000,39425,0.6069666666666667,0.5,582,29478,9108,257,0.2457831325301205,0.4648635584972892,0.019361277445109782,0.6936829558998808,0.037671122042784555,0.2087794620870635,-0.023830615122601526,0.7639558389053024,0.3063170441001192,0.23604416109469756,0.6744658943967216,0.065971905614341,0.9914567859414676,0.3098950697315649
xgboost,101,source_heldout,240000,60000,0.6069666666666667,0.5,29527,7152,16296,7025,0.7637166666666667,0.7513963505785171,0.8050110417405054,0.8078080542788356,0.8064071226666303,0.7516394911158635,0.5032863039150336,0.30501535312180145,0.19219194572116438,0.6949846468781986,0.8643776491611732,0.8936606033696946,0.8070404811332119,0.13890205323696136
xgboost,101,target,240000,39425,0.6069666666666667,0.5,739,8485,30101,100,0.7822447685478757,0.8304560399638545,0.08011708586296618,0.8808104886769964,0.1468746894564245,0.5110345651332306,0.22530417599881455,0.21989840874928732,0.11918951132300358,0.7801015912507127,0.8422830027157269,0.08203662516943473,0.9962868898584969,0.18471568822860718
hgb,101,source_heldout,240000,60000,0.6069666666666667,0.5,29519,7151,16297,7033,0.7636,0.7513082412224432,0.8049904554131443,0.8075891880061282,0.8062877277321023,0.75153413279589,0.503074584638781,0.3049727055612419,0.19241081199387175,0.6950272944387581,0.8641480737443809,0.8934561332651894,0.8062459097728467,0.13880758946909796
hgb,101,target,240000,39425,0.6069666666666667,0.5,596,6021,32565,243,0.8411160431198478,0.777164218163325,0.09007102916729635,0.7103694874851013,0.15987124463519314,0.5360663896089656,0.21406347577517781,0.15604105115845124,0.2896305125148987,0.8439589488415488,0.7466440766927331,0.06861598348518241,0.9934887301454418,0.16098891669287713
mlp,101,source_heldout,240000,60000,0.6069666666666667,0.5,29512,7174,16274,7040,0.7631,0.750722040281699,0.8044485634847081,0.8073976800175093,0.8059204238236981,0.7509778330572234,0.5019638102535611,0.3059535994541112,0.1926023199824907,0.6940464005458887,0.864150939316955,0.8933615621244425,0.8074425622461564,0.1382599025964737
mlp,101,target,240000,39425,0.6069666666666667,0.5,736,6149,32437,103,0.8414204185161699,0.8589382434247305,0.10689905591866376,0.8772348033373063,0.1905748316934231,0.5513372429141693,0.27288825398094363,0.15935831648784532,0.12276519666269368,0.8406416835121546,0.7899980026968842,0.2454261942074447,0.990585176432538,0.14954368770122528
majority,102,source_heldout,240000,60000,0.606925,0.5,36338,23662,0,0,0.6056333333333334,0.5,0.6056333333333334,1.0,0.754385600697544,0.377192800348772,0.0,1.0,0.0,0.0,0.5,0.6056333333333334,0.39436666666666664,0.39436666666666664
majority,102,target,240000,39425,0.606925,0.5,839,38586,0,0,0.021280913126188968,0.5,0.021280913126188968,1.0,0.04167494536061991,0.020837472680309953,0.0,1.0,0.0,0.0,0.5,0.021280913126188968,0.978719086873811,0.978719086873811
stratified,102,source_heldout,240000,60000,0.606925,0.5,22094,14257,9405,14244,0.5249833333333334,0.5027431953634319,0.607796209182691,0.6080136496229842,0.6079049099588658,0.5027434338215626,0.005486917080359657,0.6025272588961204,0.3919863503770158,0.39747274110387965,0.5027431953634319,0.6069483913721827,0.3956880916775334,0.47501666666666664
stratified,102,target,240000,39425,0.606925,0.5,481,23394,15192,358,0.39753963221306277,0.4835097391230536,0.020146596858638743,0.5733015494636472,0.038925305494861215,0.30008922286712914,-0.009739047757994003,0.6062820712175401,0.4266984505363528,0.39371792878246,0.48350973912305356,0.0206306078524206,0.9780333897321244,0.6024603677869372
logreg,102,source_heldout,240000,60000,0.606925,0.5,28104,8351,15311,8234,0.7235833333333334,0.7102382520941739,0.7709230558222466,0.7734052507017447,0.7721621584493015,0.7104185715457048,0.4208429628506708,0.352928746513397,0.22659474929825527,0.647071253486603,0.8167760153673955,0.8613976543210105,0.7598059133677257,0.15610523594512257
logreg,102,target,240000,39425,0.606925,0.5,582,30242,8344,257,0.22640456563094483,0.45496359477987874,0.018881391123799638,0.6936829558998808,0.03676215140700502,0.1952094394477541,-0.031475352481361296,0.7837557663401233,0.3063170441001192,0.21624423365987663,0.7256912519050214,0.32768231494817013,0.9868206713155305,0.34720131097841633
tree,102,source_heldout,240000,60000,0.606925,0.5,29535,7238,16424,6803,0.7659833333333333,0.7534471056384329,0.8031708046664673,0.81278551378722,0.8079495561543406,0.7542488295604606,0.5085837457413095,0.3058913025103542,0.18721448621278,0.6941086974896459,0.8661376310870543,0.8912451843845414,0.804502390496741,0.13869860423425576
tree,102,target,240000,39425,0.606925,0.5,697,29586,9000,142,0.24596068484464173,0.5319980561971781,0.023016213717267114,0.8307508939213349,0.044791465844097426,0.21096428806787507,0.021884135549339264,0.7667547815269787,0.16924910607866508,0.2332452184730213,0.584294068256861,0.026375949488264994,0.9814053880537169,0.7479986804952199
rf,102,source_heldout,240000,60000,0.606925,0.5,31650,9996,13666,4688,0.7552666666666666,0.7242697750971996,0.759976948566489,0.8709890472783313,0.8117049651210505,0.731109527495788,0.4757238965346249,0.42244949708393204,0.12901095272166876,0.5775505029160679,0.8437714337487988,0.8863382685956305,0.7870102128571892,0.1515918907798005
rf,102,target,240000,39425,0.606925,0.5,582,29796,8790,257,0.23771718452758403,0.4607428929709325,0.019158601619593128,0.6936829558998808,0.037287375468494734,0.20317961870647253,-0.026947114271687642,0.7721971699580159,0.3063170441001192,0.22780283004198415,0.6744287654399468,0.06616938674690157,0.9914355067573948,0.3108544796080932
xgboost,102,source_heldout,240000,60000,0.606925,0.5,29483,7170,16492,6855,0.76625,0.7541685042591153,0.8043816331541757,0.8113545049259728,0.8078530229754354,0.7547529489784109,0.5095510009676022,0.3030174964077424,0.1886454950740272,0.6969825035922577,0.8667685524947102,0.893617546130735,0.8119945767264379,0.1383521556854248
xgboost,102,target,240000,39425,0.606925,0.5,837,29953,8633,2,0.24020291693088142,0.6106751032799695,0.02718415069827866,0.9976162097735399,0.052926112112302,0.20928425848727272,0.07723955741338531,0.7762660032136008,0.0023837902264600714,0.22373399678639921,0.9245719219708718,0.2643820136568758,0.9980695708775977,0.4954589903354645
hgb,102,source_heldout,240000,60000,0.606925,0.5,29489,7173,16489,6849,0.7663,0.7541876696809735,0.8043478260869565,0.8115196213330398,0.8079178082191781,0.7547886913436317,0.509625107808948,0.3031442819710929,0.1884803786669602,0.6968557180289071,0.8668926107739868,0.8936524427040751,0.8118549029260852,0.13814685986383937
hgb,102,target,240000,39425,0.606925,0.5,738,30038,8548,101,0.23553582752060875,0.5505748594211824,0.023979724460618666,0.8796185935637664,0.04668669935157362,0.20431085258676382,0.03527536410358319,0.7784688747214016,0.12038140643623362,0.22153112527859845,0.5725580899826754,0.0529546891090894,0.9878437586788198,0.6974815231882491
mlp,102,source_heldout,240000,60000,0.606925,0.5,29447,7204,16458,6891,0.7650833333333333,0.7529547035122612,0.8034432894054733,0.8103638064835709,0.8068887092575594,0.7535326318404961,0.5071097180787069,0.3044543994590483,0.18963619351642907,0.6955456005409517,0.866312915204577,0.8932091256489503,0.8123958443535373,0.1405879408121109
mlp,102,target,240000,39425,0.606925,0.5,736,5986,32600,103,0.8455548509828789,0.8610504084586806,0.10949122285034216,0.8772348033373063,0.1946832429572808,0.5546351730784664,0.277109009157825,0.15513398641994505,0.12276519666269368,0.844866013580055,0.7913617041808132,0.2484738460451044,0.9905999207322957,0.14805476367473602
majority,103,source_heldout,240000,60000,0.6081916666666667,0.5,36433,23567,0,0,0.6072166666666666,0.5,0.6072166666666666,1.0,0.7556127051942799,0.37780635259713996,0.0,1.0,0.0,0.0,0.5,0.6072166666666666,0.3927833333333333,0.3927833333333333
majority,103,target,240000,39425,0.6081916666666667,0.5,839,38586,0,0,0.021280913126188968,0.5,0.021280913126188968,1.0,0.04167494536061991,0.020837472680309953,0.0,1.0,0.0,0.0,0.5,0.021280913126188968,0.978719086873811,0.978719086873811
stratified,103,source_heldout,240000,60000,0.6081916666666667,0.5,22159,14264,9303,14274,0.5243666666666666,0.5014796134056639,0.6083793207588611,0.6082123349710428,0.6082958164049632,0.5014794880429703,0.002959005294808411,0.6052531081597149,0.3917876650289573,0.39474689184028516,0.5014796134056639,0.6079238072268439,0.3934923499508068,0.47563333333333335
stratified,103,target,240000,39425,0.6081916666666667,0.5,483,23439,15147,356,0.39644895370957517,0.48411852119010107,0.02019061951341861,0.5756853396901073,0.03901296393522071,0.29954493710636315,-0.009384479263142249,0.6074482973099051,0.42431466030989273,0.3925517026900949,0.484118521190101,0.020653247077359313,0.9780586640522216,0.6035510462904249
logreg,103,source_heldout,240000,60000,0.6081916666666667,0.5,28165,8341,15226,8268,0.7231833333333333,0.709567890548054,0.7715170109023174,0.773062882551533,0.7722891731446826,0.7096821229612833,0.41936651296253163,0.35392710145542494,0.22693711744846706,0.6460728985445751,0.8169323638827626,0.8613667159947036,0.7592197470419432,0.15626544533787243
logreg,103,target,240000,39425,0.6081916666666667,0.5,582,6340,32246,257,0.8326696258719087,0.7646873287766651,0.08407974573822595,0.6936829558998808,0.14998067259373793,0.5285907526763369,0.2008082196436024,0.16430829834655056,0.3063170441001192,0.8356917016534494,0.7189691191485519,0.22125141820504138,0.9865784558239625,0.3094019952495598
tree,103,source_heldout,240000,60000,0.6081916666666667,0.5,29541,7241,16326,6892,0.76445,0.7517895873539753,0.8031374041650807,0.8108308401723712,0.8069657856996517,0.7524408922085947,0.5049371286736932,0.30725166546442056,0.1891691598276288,0.6927483345355794,0.8647430540734151,0.8902244978726864,0.80045188658291,0.13932046133174264
tree,103,target,240000,39425,0.6081916666666667,0.5,442,29512,9074,397,0.2413696892834496,0.38099032626962653,0.014755959137343927,0.5268176400476758,0.028707823206572922,0.20317135755288798,-0.08040495062645671,0.7648369875084228,0.4731823599523242,0.23516301249157726,0.38362099934718524,0.017952666703625608,0.9736283676614402,0.7548593843097613
rf,103,source_heldout,240000,60000,0.6081916666666667,0.5,31712,9911,13656,4721,0.7561333333333333,0.7249369980959987,0.7618864570069432,0.8704196744709467,0.8125448396023368,0.7318493795570333,0.4766356378562251,0.4205456782789494,0.12958032552905333,0.5794543217210506,0.8449587321061893,0.8872679832874981,0.7870869018495528,0.15133459384337059
rf,103,target,240000,39425,0.6081916666666667,0.5,738,29576,9010,101,0.24725428027901078,0.5565614866953232,0.02434518704229069,0.8796185935637664,0.047379064616569835,0.21259030174871094,0.03872951208704442,0.7664956201731198,0.12038140643623362,0.23350437982688022,0.6701940102281936,0.06311797082439834,0.9914035223969438,0.30618953922885306
xgboost,103,source_heldout,240000,60000,0.6081916666666667,0.5,29499,7196,16371,6934,0.7645,0.7521679116650484,0.8038969886905573,0.8096780391403398,0.8067771578601903,0.7526589322327065,0.5053490290996562,0.3053422158102431,0.1903219608596602,0.6946577841897569,0.8651931374284975,0.893181687129874,0.8092454881185313,0.1389789879322052
xgboost,103,target,240000,39425,0.6081916666666667,0.5,736,8066,30520,103,0.7927964489537096,0.8340976276573537,0.08361735969097932,0.8772348033373063,0.152681257131003,0.5173237376987068,0.23157128128145688,0.20903954802259886,0.12276519666269368,0.7909604519774012,0.8515543997597554,0.08913333108817767,0.9964830732529202,0.23616038262844086
hgb,103,source_heldout,240000,60000,0.6081916666666667,0.5,29497,7177,16390,6936,0.7647833333333334,0.7525435700595327,0.8043027758084746,0.8096231438531002,0.8069541904332006,0.7529962132086248,0.5060188007636721,0.3045360037340349,0.19037685614689978,0.6954639962659651,0.8655969282892115,0.8933364381825877,0.8097218682259885,0.13879441436109186
hgb,103,target,240000,39425,0.6081916666666667,0.5,601,29898,8688,238,0.23561192136968928,0.4707441736419374,0.01970556411685629,0.7163289630512515,0.03835598953347374,0.2020370619497643,-0.020177482741144344,0.7748406157673767,0.2836710369487485,0.22515938423262324,0.36237772232939786,0.02176907384014858,0.9827340163544734,0.6155974680466386
mlp,103,source_heldout,240000,60000,0.6081916666666667,0.5,29483,7204,16363,6950,0.7641,0.7517786016579409,0.8036361653991877,0.8092388768424231,0.8064277899343545,0.7522539973562558,0.50453726538715,0.30568167352654135,0.19076112315757693,0.6943183264734587,0.8641934827642744,0.8922506627641705,0.8083073281736217,0.13893766701221466
mlp,103,target,240000,39425,0.6081916666666667,0.5,735,8432,30154,104,0.7834876347495244,0.8287590273251206,0.08017890258536053,0.8760429082240763,0.14691185288826705,0.5114606908389973,0.2246310659445945,0.21852485357383508,0.12395709177592372,0.7814751464261649,0.7541260402671877,0.07341543680706343,0.9892897024824708,0.19839982688426971
majority,104,source_heldout,240000,60000,0.6073291666666667,0.5,36608,23392,0,0,0.6101333333333333,0.5,0.6101333333333333,1.0,0.7578668433256045,0.37893342166280225,0.0,1.0,0.0,0.0,0.5,0.6101333333333333,0.38986666666666664,0.38986666666666664
majority,104,target,240000,39425,0.6073291666666667,0.5,839,38586,0,0,0.021280913126188968,0.5,0.021280913126188968,1.0,0.04167494536061991,0.020837472680309953,0.0,1.0,0.0,0.0,0.5,0.021280913126188968,0.978719086873811,0.978719086873811
stratified,104,source_heldout,240000,60000,0.6073291666666667,0.5,22268,14110,9282,14340,0.5258333333333334,0.502542334119369,0.6121282093573038,0.6082823426573427,0.6101992162880553,0.5025301607453805,0.005075824045079665,0.6031976744186046,0.39171765734265734,0.39680232558139533,0.502542334119369,0.611346781194505,0.3910856907140171,0.4741666666666667
stratified,104,target,240000,39425,0.6073291666666667,0.5,481,23412,15174,358,0.3970830691185796,0.48327649390458055,0.02013141924413008,0.5733015494636472,0.03889697557819829,0.2998357896110438,-0.009878799165601398,0.6067485616544861,0.4266984505363528,0.3932514383455139,0.4832764939045806,0.020621906502505623,0.9780237099328742,0.6029169308814204
logreg,104,source_heldout,240000,60000,0.6073291666666667,0.5,28233,8255,15137,8375,0.7228333333333333,0.7091632210342667,0.7737612365709274,0.7712248688811189,0.7724909707781548,0.7089684940876959,0.41794311929284333,0.3528984268125855,0.22877513111888112,0.6471015731874145,0.815699912563123,0.8624737869850092,0.7551856124832681,0.1569293532147585
logreg,104,target,240000,39425,0.6073291666666667,0.5,582,30227,8359,257,0.2267850348763475,0.4551579657952729,0.018890583920283033,0.6936829558998808,0.03677957532861476,0.19547974147982367,-0.03131983860610055,0.783367024309335,0.3063170441001192,0.216632975690665,0.7265224215962769,0.2914209893328775,0.9870392660832608,0.3286518300327067
tree,104,source_heldout,240000,60000,0.6073291666666667,0.5,29699,7168,16224,6909,0.7653833333333333,0.7524206059629495,0.8055713781973038,0.8112707604895105,0.8084110241578768,0.7529212563024741,0.5058731175024868,0.3064295485636115,0.1887292395104895,0.6935704514363885,0.8645119252814826,0.8885682972621066,0.7890208606420064,0.13918851088435463
tree,104,target,240000,39425,0.6073291666666667,0.5,442,29704,8882,397,0.2364996829422955,0.37850237727258096,0.014661978371923307,0.5268176400476758,0.028529933838954333,0.1998285311104309,-0.08266624326363536,0.7698128855025138,0.4731823599523242,0.23018711449748613,0.18084961926139076,0.017759156877885724,0.972169883072778,0.7520627157845697
rf,104,source_heldout,240000,60000,0.6073291666666667,0.5,31852,9852,13540,4756,0.7565333333333333,0.7244567056575435,0.7637636677536926,0.870083041958042,0.8134640923485545,0.7315257517969984,0.47557315030653596,0.4211696306429549,0.12991695804195805,0.5788303693570451,0.8436830646949558,0.8875705757682297,0.7837638367477333,0.15214188865557973
rf,104,target,240000,39425,0.6073291666666667,0.5,582,29796,8790,257,0.23771718452758403,0.4607428929709325,0.019158601619593128,0.6936829558998808,0.037287375468494734,0.20317961870647253,-0.026947114271687642,0.7721971699580159,0.3063170441001192,0.22780283004198415,0.6744988996299275,0.06602541052746567,0.9913466114296666,0.32260151386514346
xgboost,104,source_heldout,240000,60000,0.6073291666666667,0.5,29662,7102,16290,6946,0.7658666666666667,0.7533259906560608,0.8068218909803069,0.8102600524475524,0.8085373166875648,0.7536295573744078,0.5072702136269631,0.3036080711354309,0.18973994755244755,0.6963919288645691,0.8656004090206189,0.8944601659491479,0.8075253264316689,0.1387385129928589
xgboost,104,target,240000,39425,0.6073291666666667,0.5,837,29875,8711,2,0.24218135700697527,0.6116858325600193,0.02725319093513936,0.9976162097735399,0.053056955405533894,0.2106972761974497,0.07769374135706661,0.7742445446535012,0.0023837902264600714,0.22575545534649874,0.738181732590334,0.0730306162461168,0.9933442275588464,0.47717946767807007
hgb,104,source_heldout,240000,60000,0.6073291666666667,0.5,29678,7115,16277,6930,0.7659166666666667,0.7532666493475745,0.8066208246133776,0.8106971153846154,0.8086538330540456,0.753626257714602,0.5072681303133297,0.30416381668946646,0.1893028846153846,0.6958361833105335,0.8658330541355287,0.8944337243998242,0.8075357639197489,0.13859339456243736
hgb,104,target,240000,39425,0.6073291666666667,0.5,599,29668,8918,240,0.24139505389980975,0.4725326340980848,0.019790530941289193,0.7139451728247914,0.03851347007008294,0.20604460366774924,-0.018774045281641928,0.7688799046286218,0.2860548271752086,0.23112009537137823,0.6877084835712397,0.06736805481564942,0.991190726027736,0.5842445732029157
mlp,104,source_heldout,240000,60000,0.6073291666666667,0.5,29637,7133,16259,6971,0.7649333333333334,0.7523219155374379,0.8060103345118304,0.8095771416083916,0.8077898007577203,0.7526358381335683,0.5052836294352165,0.30493331053351574,0.19042285839160839,0.6950666894664843,0.8644757314741144,0.8935108920434597,0.8068783660305472,0.14028890430927277
mlp,104,target,240000,39425,0.6073291666666667,0.5,736,6022,32564,103,0.8446417247939125,0.8605839180217345,0.10890796093518793,0.8772348033373063,0.19376069501118862,0.553899701076672,0.27616490613045563,0.15606696729383715,0.12276519666269368,0.8439330327061628,0.7646351103894542,0.07859796016402147,0.9895384393690165,0.14857622981071472
majority,105,source_heldout,240000,60000,0.6069166666666667,0.5,36380,23620,0,0,0.6063333333333333,0.5,0.6063333333333333,1.0,0.7549284083834821,0.37746420419174104,0.0,1.0,0.0,0.0,0.5,0.6063333333333333,0.39366666666666666,0.39366666666666666
majority,105,target,240000,39425,0.6069166666666667,0.5,839,38586,0,0,0.021280913126188968,0.5,0.021280913126188968,1.0,0.04167494536061991,0.020837472680309953,0.0,1.0,0.0,0.0,0.5,0.021280913126188968,0.978719086873811,0.978719086873811
stratified,105,source_heldout,240000,60000,0.6069166666666667,0.5,22142,14208,9412,14238,0.5259,0.5035534919531766,0.6091334250343879,0.608631115997801,0.6088821669187405,0.5035525706605549,0.007105405140680687,0.601524132091448,0.391368884002199,0.39847586790855205,0.5035534919531766,0.6080375562702424,0.39538160121586857,0.4741
stratified,105,target,240000,39425,0.6069166666666667,0.5,481,23393,15193,358,0.397564996829423,0.48352269719074653,0.0201474407305018,0.5733015494636472,0.0389268805891636,0.3001032984322695,-0.009731285709242204,0.6062561550821541,0.4266984505363528,0.39374384491784586,0.48352269719074653,0.020631091645467243,0.9780339275155518,0.6024350031705771
logreg,105,source_heldout,240000,60000,0.6069166666666667,0.5,28094,8299,15321,8286,0.7235833333333334,0.7104413545234026,0.7719616409749127,0.7722374931280923,0.7720995424127081,0.7104616542393648,0.4209233803147908,0.35135478408128706,0.22776250687190763,0.6486452159187129,0.8160849322398486,0.860500940955449,0.7584899512014427,0.15675858810498358
logreg,105,target,240000,39425,0.6069166666666667,0.5,582,30239,8347,257,0.22648065948002535,0.4550024689829576,0.01888322896726258,0.6936829558998808,0.03676563487049905,0.19526351249776278,-0.03144423095455408,0.7836780179339656,0.3063170441001192,0.2163219820660343,0.7243527252129154,0.29136466280511863,0.9868158088076633,0.341240859138047
tree,105,source_heldout,240000,60000,0.6069166666666667,0.5,29482,7134,16486,6898,0.7661333333333333,0.754179074116055,0.8051671400480664,0.8103903243540407,0.807770288782947,0.7546212519567871,0.5092678172472964,0.30203217612193056,0.18960967564595932,0.6979678238780694,0.8654191473807151,0.8893407436505938,0.7955810381289229,0.13922565536770418
tree,105,target,240000,39425,0.6069166666666667,0.5,442,29516,9070,397,0.24126823081800888,0.38093849399885477,0.014753988917818279,0.5268176400476758,0.028704094554664415,0.2031019692385001,-0.08045158985631617,0.7649406520499663,0.4731823599523242,0.2350593479500337,0.41410181871962926,0.019346780459973463,0.9729043661759698,0.7518868386976761
rf,105,source_heldout,240000,60000,0.6069166666666667,0.5,31648,9934,13686,4732,0.7555666666666667,0.7246763744629904,0.7610985522581887,0.8699285321605278,0.8118827120905057,0.7315039422767576,0.4759756936970461,0.420575783234547,0.13007146783947224,0.579424216765453,0.843210154922241,0.8861736110681528,0.7861233231149936,0.1521696381848807
rf,105,target,240000,39425,0.6069166666666667,0.5,738,5639,32947,101,0.8544071020925809,0.8667387530613628,0.11572839893366788,0.8796185935637664,0.20454545454545456,0.5622079535619195,0.2874761768956951,0.1461410874410408,0.12038140643623362,0.8538589125589592,0.7929511447796409,0.08364740589352126,0.9947171779184671,0.2630356796509951
xgboost,105,source_heldout,240000,60000,0.6069166666666667,0.5,29469,7100,16520,6911,0.7664833333333333,0.7547201335605582,0.8058464819929448,0.8100329851566795,0.8079343102715596,0.755075526902586,0.5101672892333436,0.3005927180355631,0.18996701484332051,0.6994072819644369,0.8664755294918303,0.8937285277765393,0.8108326224951106,0.13870322704315186
xgboost,105,target,240000,39425,0.6069166666666667,0.5,837,29888,8698,2,0.24185161699429297,0.611517377680011,0.027241659886086247,0.9976162097735399,0.053035103282220254,0.21046205952928,0.07761806871302677,0.7745814544135179,0.0023837902264600714,0.22541854558648214,0.7442873763956332,0.07004033007182965,0.9935876923511431,0.48655763268470764
hgb,105,source_heldout,240000,60000,0.6069166666666667,0.5,29453,7095,16525,6927,0.7663,0.7546060750223789,0.8058717303272409,0.8095931830676196,0.8077281702501097,0.7549220388979985,0.5098568995637851,0.30038103302286195,0.19040681693238043,0.699618966977138,0.866312191636964,0.8935141321799831,0.8103947605039399,0.13856497885703914
hgb,105,target,240000,39425,0.6069166666666667,0.5,773,29768,8818,66,0.2432720355104629,0.5749317021798034,0.02531023869552405,0.9213349225268176,0.049267049075844484,0.2103929515444527,0.05176611263394274,0.7714715181672109,0.07866507747318235,0.2285284818327891,0.7130636998838623,0.24301493680268593,0.9918331971647502,0.7316362185007381
mlp,105,source_heldout,240000,60000,0.6069166666666667,0.5,29444,7121,16499,6936,0.7657166666666667,0.7539319996518079,0.8052509230138111,0.8093457943925234,0.8072931660840359,0.754278821911426,0.5085731810706097,0.3014817950889077,0.19065420560747665,0.6985182049110923,0.8657967520140915,0.8931092078710345,0.8108215946810933,0.14171354472637177
mlp,105,target,240000,39425,0.6069166666666667,0.5,736,5944,32642,103,0.8466201648700064,0.8615946473017844,0.11017964071856287,0.8772348033373063,0.19577071419071684,0.5554984565892671,0.2782192146819667,0.15404550873373762,0.12276519666269368,0.8459544912662623,0.7917952820524987,0.2485426134055424,0.989581220828934,0.14685867726802826
majority,106,source_heldout,240000,60000,0.6052166666666666,0.5,36210,23790,0,0,0.6035,0.5,0.6035,1.0,0.7527284066105394,0.3763642033052697,0.0,1.0,0.0,0.0,0.5,0.6035,0.3965,0.3965
majority,106,target,240000,39425,0.6052166666666666,0.5,839,38586,0,0,0.021280913126188968,0.5,0.021280913126188968,1.0,0.04167494536061991,0.020837472680309953,0.0,1.0,0.0,0.0,0.5,0.021280913126188968,0.978719086873811,0.978719086873811
stratified,106,source_heldout,240000,60000,0.6052166666666666,0.5,21894,14348,9442,14316,0.5222666666666667,0.5007645258341334,0.6041057336791568,0.6046396023198012,0.6043725501021366,0.5007645538430259,0.0015294054284788689,0.6031105506515343,0.3953603976801988,0.39688944934846576,0.5007645258341334,0.6038662505708771,0.3968667360081466,0.47773333333333334
stratified,106,target,240000,39425,0.6052166666666666,0.5,481,23314,15272,358,0.39956880152187696,0.4845463845384892,0.020214330741752468,0.5733015494636472,0.0390517171389137,0.30121392113401346,-0.009118714401582273,0.6042087803866687,0.4266984505363528,0.39579121961333125,0.4845463845384893,0.02066943979256089,0.9780764179603219,0.600431198478123
logreg,106,source_heldout,240000,60000,0.6052166666666666,0.5,28010,8531,15259,8200,0.72115,0.7074735856724801,0.7665362195889549,0.7735432201049434,0.7700237797418592,0.70796052370445,0.41596743294314587,0.3585960487599832,0.2264567798950566,0.6414039512400168,0.8139356027534956,0.8580405790117773,0.7571811277124876,0.1571328750801213
logreg,106,target,240000,39425,0.6052166666666666,0.5,582,30214,8372,257,0.2271147748890298,0.45532642067528123,0.018898558254318742,0.6936829558998808,0.03679468942626837,0.19571387547666275,-0.031185249024243734,0.7830301145493184,0.3063170441001192,0.2169698854506816,0.7299758161374061,0.38074959509652,0.9873740187052069,0.31905043727972743
tree,106,source_heldout,240000,60000,0.6052166666666666,0.5,29370,7344,16446,6840,0.7636,0.7512003853101548,0.7999673149207387,0.8111019055509527,0.8054961329603423,0.7520980537348232,0.5043110474845873,0.3087011349306431,0.18889809444904723,0.6912988650693569,0.8640437141057158,0.883703625960413,0.7812744969767075,0.1394519094594023
tree,106,target,240000,39425,0.6052166666666666,0.5,2,28976,9610,837,0.24380469245402664,0.12571892564243753,6.901787562978811e-05,0.0023837902264600714,0.0001341516584498776,0.19605753123680758,-0.24479002805384295,0.750945938941585,0.9976162097735399,0.24905406105841496,0.1833267724428018,0.017790175130353268,0.9684812243449453,0.746212365881992
rf,106,source_heldout,240000,60000,0.6052166666666666,0.5,31513,10122,13668,4697,0.7530166666666667,0.7224057820204615,0.7568872342980665,0.8702844518088926,0.8096345301560793,0.7290492660269188,0.47213130972166767,0.4254728877679697,0.12971554819110742,0.5745271122320302,0.8425900069871711,0.884385090463313,0.7859430965027479,0.15166107500546328
rf,106,target,240000,39425,0.6052166666666666,0.5,738,29569,9017,101,0.24743183259353202,0.5566521931691739,0.02435081004388425,0.8796185935637664,0.04738971296474668,0.21271464517933797,0.0387812064029595,0.7663142072254185,0.12038140643623362,0.23368579277458146,0.670158008731421,0.06356121053482161,0.9913397853768604,0.3439791009035954
xgboost,106,source_heldout,240000,60000,0.6052166666666666,0.5,29360,7313,16477,6850,0.76395,0.7517138361658714,0.8005889891745971,0.8108257387462027,0.8056748487301566,0.7525413528834475,0.5051797150601058,0.3073980664144599,0.1891742612537973,0.6926019335855401,0.8646933346984959,0.8912004646562672,0.8098809597366472,0.13916750252246857
xgboost,106,target,240000,39425,0.6052166666666666,0.5,787,8391,30195,52,0.785846544071021,0.8602795810445123,0.0857485290913053,0.9380214541120382,0.1571328741140062,0.5172368422405633,0.24606527236590692,0.21746229202301354,0.06197854588796186,0.7825377079769865,0.8500855047131843,0.08611810778020246,0.9964489884346721,0.24622896313667297
hgb,106,source_heldout,240000,60000,0.6052166666666666,0.5,29354,7310,16480,6856,0.7639,0.7516940378268424,0.8006218634082479,0.8106600386633527,0.8056096824656256,0.7525056433378079,0.5051045456628043,0.3072719630096679,0.18933996133664732,0.692728036990332,0.8645075373571034,0.8910720855895079,0.8093786206684258,0.1390781668255605
hgb,106,target,240000,39425,0.6052166666666666,0.5,582,29615,8971,257,0.24230818008877616,0.46308830322335565,0.019273437758717753,0.6936829558998808,0.037504833097048586,0.2063752885107111,-0.025162522323076274,0.7675063494531695,0.3063170441001192,0.23249365054683047,0.3014417371607172,0.019794239229991784,0.9807394145324965,0.7498283915381433
mlp,106,source_heldout,240000,60000,0.6052166666666666,0.5,29333,7350,16440,6877,0.7628833333333334,0.7505633733165753,0.7996347081754491,0.8100800883733775,0.8048235084301648,0.751404472919309,0.5029100414408731,0.308953341740227,0.18991991162662247,0.691046658259773,0.8636654265279633,0.8904942553041851,0.8091694251513186,0.13913056254386902
mlp,106,target,240000,39425,0.6052166666666666,0.5,580,6014,32572,259,0.8408877615726063,0.7677197637313353,0.08795875037913255,0.6912991656734208,0.1560608099017893,0.5341122902163077,0.2070569260190164,0.15585963821075002,0.30870083432657924,0.84414036178925,0.6238426623080608,0.06165668291304219,0.9845766634963735,0.1507692039012909
majority,107,source_heldout,240000,60000,0.6071833333333333,0.5,36344,23656,0,0,0.6057333333333333,0.5,0.6057333333333333,1.0,0.7544631736278335,0.3772315868139168,0.0,1.0,0.0,0.0,0.5,0.6057333333333333,0.39426666666666665,0.39426666666666665
majority,107,target,240000,39425,0.6071833333333333,0.5,839,38586,0,0,0.021280913126188968,0.5,0.021280913126188968,1.0,0.04167494536061991,0.020837472680309953,0.0,1.0,0.0,0.0,0.5,0.021280913126188968,0.978719086873811,0.978719086873811
stratified,107,source_heldout,240000,60000,0.6071833333333333,0.5,22092,14275,9381,14252,0.52455,0.5022086279820728,0.6074738086726977,0.6078582434514638,0.6076659652597268,0.5022089262954093,0.004418007183668219,0.6034409874873182,0.3921417565485362,0.3965590125126818,0.5022086279820728,0.60679129561589,0.3953287640043499,0.47545
stratified,107,target,240000,39425,0.6071833333333333,0.5,481,23404,15182,358,0.397285986049461,0.48338015844612414,0.02013816202637639,0.5733015494636472,0.03890956155961819,0.2999484437144431,-0.009816679340908303,0.6065412325713989,0.4266984505363528,0.39345876742860103,0.48338015844612414,0.02062577215001513,0.9780280119950768,0.602714013950539
logreg,107,source_heldout,240000,60000,0.6071833333333333,0.5,28076,8472,15184,8268,0.721,0.7071869553556215,0.7681952500820838,0.7725071538630861,0.7703451681940405,0.7074957563819825,0.41500914891665175,0.3581332431518431,0.22749284613691392,0.6418667568481569,0.8140140389096382,0.8592009612317041,0.7568995663668453,0.15727660990135905
logreg,107,target,240000,39425,0.6071833333333333,0.5,582,6299,32287,257,0.833709575142676,0.7652186095520759,0.08458072954512426,0.6936829558998808,0.15077720207253886,0.5293039672671144,0.2016826807856343,0.163245736795729,0.3063170441001192,0.8367542632042709,0.7249030492510977,0.2700212054515153,0.9869040295663691,0.30547380392252926
tree,107,source_heldout,240000,60000,0.6071833333333333,0.5,29367,7264,16392,6977,0.76265,0.7504804306364665,0.8016980153421965,0.8080288355712084,0.8048509763617677,0.7510060304456366,0.5020492965833592,0.30706797429827526,0.19197116442879156,0.6929320257017247,0.8633564154255234,0.8839335679663761,0.7798028931183156,0.13988045059122972
tree,107,target,240000,39425,0.6071833333333333,0.5,697,29727,8859,142,0.2423842739378567,0.5301709686524728,0.022909545095976862,0.8307508939213349,0.044589450788472,0.20845901396044106,0.020747299324647476,0.7704089566163894,0.16924910607866508,0.22959104338361064,0.5350044205698868,0.022918985633676336,0.980054975996008,0.7531205320709498
rf,107,source_heldout,240000,60000,0.6071833333333333,0.5,31385,9967,13689,4959,0.7512333333333333,0.7211115392234024,0.7589717546914296,0.8635538190622937,0.8078922981878089,0.7275325711816503,0.46694317429663756,0.4213307406154887,0.13644618093770636,0.5786692593845113,0.840956940661552,0.8840133917484327,0.7838601451340972,0.1528277871361751
rf,107,target,240000,39425,0.6071833333333333,0.5,582,29603,8983,257,0.24261255548509827,0.463243800035671,0.01928109988404837,0.6936829558998808,0.037519339865910266,0.20658637507241903,-0.025045222016748282,0.7671953558285388,0.3063170441001192,0.23280464417146116,0.6751914689642384,0.0659615344275719,0.9915736350141864,0.29592046786003584
xgboost,107,source_heldout,240000,60000,0.6071833333333333,0.5,29374,7255,16401,6970,0.7629166666666667,0.7507669592205426,0.80193289470092,0.8082214395773718,0.8050648870130048,0.7512895404933397,0.5026158133140598,0.3066875211362868,0.19177856042262822,0.6933124788637133,0.8639448426939185,0.8914524916403758,0.8087103118781803,0.1396176815032959
xgboost,107,target,240000,39425,0.6071833333333333,0.5,837,8427,30159,2,0.7862016487000634,0.8896104684383171,0.09034974093264249,0.9976162097735399,0.16569335840839355,0.521542185917217,0.26523713731941134,0.2183952728969056,0.0023837902264600714,0.7816047271030944,0.8664463084704618,0.09407573987480526,0.9968616798622298,0.23173001408576965
hgb,107,source_heldout,240000,60000,0.6071833333333333,0.5,29352,7235,16421,6992,0.7628833333333334,0.7508870215178286,0.8022521660699156,0.8076161127008584,0.8049252032743278,0.7513334083252177,0.5026935075886453,0.3058420696652012,0.19238388729914155,0.6941579303347988,0.8641183871709559,0.8914614612097534,0.8089999203880088,0.139440854699532
hgb,107,target,240000,39425,0.6071833333333333,0.5,837,29085,9501,2,0.26221940393151555,0.6219227060374464,0.027972729095648685,0.9976162097735399,0.054419557231559446,0.22478094873784507,0.08227819871128127,0.7537707976986472,0.0023837902264600714,0.2462292023013528,0.8221638342091381,0.2578863957313664,0.995492655349352,0.6272074214957969
mlp,107,source_heldout,240000,60000,0.6071833333333333,0.5,29342,7260,16396,7002,0.7623,0.7502210400582835,0.8016501830501066,0.8073409641206252,0.8044855098291888,0.7506934711130047,0.5014170085892995,0.3068988840040582,0.19265903587937486,0.6931011159959418,0.8631586971637496,0.8908941790169558,0.8081952299035041,0.14005544781684875
mlp,107,target,240000,39425,0.6071833333333333,0.5,736,5943,32643,103,0.8466455294863665,0.8616076053694772,0.11019613714627938,0.8772348033373063,0.19579675445597233,0.5555190804187,0.27824576414957064,0.15401959259835174,0.12276519666269368,0.8459804074016483,0.7901781337380079,0.2476960997973396,0.9893813285891244,0.14874975383281708
majority,108,source_heldout,240000,60000,0.6059,0.5,36524,23476,0,0,0.6087333333333333,0.5,0.6087333333333333,1.0,0.7567858770875637,0.37839293854378186,0.0,1.0,0.0,0.0,0.5,0.6087333333333333,0.39126666666666665,0.39126666666666665
majority,108,target,240000,39425,0.6059,0.5,839,38586,0,0,0.021280913126188968,0.5,0.021280913126188968,1.0,0.04167494536061991,0.020837472680309953,0.0,1.0,0.0,0.0,0.5,0.021280913126188968,0.978719086873811,0.978719086873811
stratified,108,source_heldout,240000,60000,0.6059,0.5,22135,14147,9329,14389,0.5244,0.5017122135783987,0.6100821343917094,0.6060398641988829,0.608054281240557,0.5017005736838036,0.003418255396474569,0.6026154370420855,0.39396013580111705,0.39738456295791447,0.5017122135783987,0.6095507605435829,0.392086587732287,0.4756
stratified,108,target,240000,39425,0.6059,0.5,481,23339,15247,358,0.3989346861128725,0.4842224328461656,0.02019311502938707,0.5733015494636472,0.03901212539032402,0.30086274553917675,-0.009312432295887657,0.6048566837713161,0.4266984505363528,0.395143316228684,0.4842224328461656,0.02065727679178883,0.9780629704348456,0.6010653138871275
logreg,108,source_heldout,240000,60000,0.6059,0.5,28307,8433,15043,8217,0.7225,0.7079033583213414,0.7704681545998912,0.7750246413317271,0.7727396811530902,0.7082416310592565,0.4165031464672559,0.3592179246890441,0.22497535866827292,0.6407820753109559,0.8150392471089529,0.8613614985937689,0.7543862811341334,0.15661318648438785
logreg,108,target,240000,39425,0.6059,0.5,582,30240,8346,257,0.2264552948636652,0.4549895109152646,0.018882616313023164,0.6936829558998808,0.03676447364265184,0.1952454888504005,-0.03145460375365251,0.7837039340693516,0.3063170441001192,0.21629606593064843,0.7261054467314687,0.29140870199556623,0.9872589825465582,0.35619730698748464
tree,108,source_heldout,240000,60000,0.6059,0.5,29728,7321,16155,6796,0.7647166666666667,0.7510400828970581,0.8023968258252584,0.8139305662030446,0.8081225449553505,0.752026895929546,0.5041795556324704,0.31185040040892825,0.18606943379695542,0.6881495995910717,0.8642833631437108,0.8918354160060882,0.8009806965798771,0.13876780973378472
tree,108,target,240000,39425,0.6059,0.5,697,29599,8987,142,0.2456309448319594,0.5318296013171698,0.023006337470293108,0.8307508939213349,0.044772763770676086,0.21073386171348432,0.021779745735946165,0.7670916912869953,0.16924910607866508,0.23290830871300472,0.5366199935293063,0.02299922864240991,0.9801264471787625,0.7499322355894447
rf,108,source_heldout,240000,60000,0.6059,0.5,31899,10066,13410,4625,0.75515,0.7222963036892125,0.7601334445371143,0.873370934180265,0.8128272751595765,0.7294605408102572,0.473218557606322,0.4287783268018402,0.12662906581973496,0.5712216731981599,0.8438000310562606,0.8876398620274608,0.7837017265766953,0.15257146897624305
rf,108,target,240000,39425,0.6059,0.5,738,29825,8761,101,0.24093849080532656,0.5533349278397799,0.024146844223407387,0.8796185935637664,0.04700337558117317,0.20814592990827332,0.03687853873347631,0.7729487378842067,0.12038140643623362,0.2270512621157933,0.7920146734131404,0.08244846783192754,0.9947381221007553,0.30853535979792873
xgboost,108,source_heldout,240000,60000,0.6059,0.5,29685,7254,16222,6839,0.7651166666666667,0.7518784181269886,0.8036221879314546,0.8127532581316395,0.8081619318568531,0.7526638139848119,0.505406165114184,0.3089964218776623,0.18724674186836052,0.6910035781223377,0.8651325125738856,0.894061615952351,0.8069068970703078,0.13838505744934082
xgboost,108,target,240000,39425,0.6059,0.5,837,29550,9036,2,0.25042485732403297,0.6158972045602267,0.02754467370915194,0.9976162097735399,0.05360917184397617,0.21654085335017556,0.07958271212916501,0.7658218006530866,0.0023837902264600714,0.2341781993469134,0.9291204662902741,0.2670185342236045,0.9982110783883846,0.39958786964416504
hgb,108,source_heldout,240000,60000,0.6059,0.5,29688,7251,16225,6836,0.7652166666666667,0.7519833820549451,0.8037034029074961,0.8128353959040631,0.8082436056246002,0.7527691157031182,0.5056167802859733,0.3088686317941728,0.1871646040959369,0.6911313682058272,0.8654612590131125,0.8941924364785626,0.8073089235722176,0.13808646443955078
hgb,108,target,240000,39425,0.6059,0.5,837,30013,8573,2,0.23868103994927076,0.6098976192183928,0.02713128038897893,0.9976162097735399,0.05282590173246237,0.20819450766104045,0.07688993462500239,0.7778209713367542,0.0023837902264600714,0.22217902866324574,0.6791869400964128,0.22183087741651808,0.9915206131110912,0.7434843572142891
mlp,108,source_heldout,240000,60000,0.6059,0.5,29677,7287,16189,6847,0.7644333333333333,0.7510660556378981,0.80286224434585,0.8125342240718432,0.8076692793381233,0.7518953551833375,0.5038789284230218,0.310402112796047,0.18746577592815683,0.689597887203953,0.8652185864936075,0.8937896781318975,0.8080149174986825,0.13882587850093842
mlp,108,target,240000,39425,0.6059,0.5,736,5941,32645,103,0.8466962587190868,0.8616335215048632,0.11022914482552044,0.8772348033373063,0.19584885577434805,0.5555603378319409,0.2782988793616609,0.15396776032757994,0.12276519666269368,0.84603223967242,0.7892756097288245,0.23973956974506383,0.9904477975167307,0.149546816945076
majority,109,source_heldout,240000,60000,0.6084375,0.5,36221,23779,0,0,0.6036833333333333,0.5,0.6036833333333333,1.0,0.7528709948971638,0.3764354974485819,0.0,1.0,0.0,0.0,0.5,0.6036833333333333,0.39631666666666665,0.39631666666666665
majority,109,target,240000,39425,0.6084375,0.5,839,38586,0,0,0.021280913126188968,0.5,0.021280913126188968,1.0,0.04167494536061991,0.020837472680309953,0.0,1.0,0.0,0.0,0.5,0.021280913126188968,0.978719086873811,0.978719086873811
stratified,109,source_heldout,240000,60000,0.6084375,0.5,21998,14440,9339,14223,0.5222833333333333,0.5000343678496498,0.6037104122070366,0.6073272411032274,0.6055134257284025,0.5000275774424738,6.884557403360987e-05,0.6072585054039278,0.3926727588967726,0.39274149459607216,0.5000343678496497,0.6036997790709917,0.39633311340432553,0.4777166666666667
stratified,109,target,240000,39425,0.6084375,0.5,484,23448,15138,355,0.39624603677869374,0.4845978461374796,0.020223967909075713,0.5768772348033373,0.03907795405918211,0.29946279218889504,-0.009102277173500024,0.6076815425283781,0.4231227651966627,0.3923184574716218,0.4845978461374796,0.02067118549200206,0.978078563928412,0.6037539632213063
logreg,109,source_heldout,240000,60000,0.6084375,0.5,27910,8543,15236,8311,0.7191,0.7056404463527405,0.7656434312676598,0.7705474724607272,0.7680876241847153,0.7059810136306242,0.4119847261772953,0.35926657975524623,0.2294525275392728,0.6407334202447538,0.8125932699302683,0.8582340241315023,0.7562580248076458,0.15724389821836315
logreg,109,target,240000,39425,0.6084375,0.5,582,30238,8348,257,0.22650602409638554,0.4550154270506505,0.01888384166125892,0.6936829558998808,0.03676679617170473,0.19528153544255175,-0.031433859198193075,0.7836521017985798,0.3063170441001192,0.2163478982014202,0.7258986427667387,0.2914028364076598,0.9872399328032397,0.3341805989967185
tree,109,source_heldout,240000,60000,0.6084375,0.5,29360,7321,16458,6861,0.7636333333333334,0.7513514000772408,0.8004143834682805,0.8105794980812236,0.8054648706482676,0.7521740252005616,0.5044437798505375,0.3078766979267421,0.1894205019187764,0.6921233020732579,0.8643751183553634,0.8839865735337031,0.7805493876615965,0.13911985560193524
tree,109,target,240000,39425,0.6084375,0.5,582,30026,8560,257,0.2318833227647432,0.457762537401555,0.019014636696288553,0.6936829558998808,0.03701465958597004,0.19908661802368774,-0.029258077067713075,0.7781578810967709,0.3063170441001192,0.22184211890322916,0.2698020433529067,0.01746222049551303,0.9726991100765402,0.7553178536113943
rf,109,source_heldout,240000,60000,0.6084375,0.5,31487,10082,13697,4734,0.7530666666666667,0.7226573931903724,0.7574634944309462,0.8693023384224621,0.8095385010926854,0.729265815341415,0.4721553220187376,0.4239875520417175,0.1306976615775379,0.5760124479582825,0.8432485024637068,0.8852376838191862,0.7868878123831397,0.15186369825261486
rf,109,target,240000,39425,0.6084375,0.5,582,29530,9056,257,0.24446417247939126,0.464189738977256,0.019327842720510097,0.6936829558998808,0.03760783173403121,0.20786840573110463,-0.02433429341486722,0.7653034779453688,0.3063170441001192,0.2346965220546312,0.6736508798172737,0.06601275347283003,0.9907613808553201,0.30532705971650764
xgboost,109,source_heldout,240000,60000,0.6084375,0.5,29352,7281,16498,6869,0.7641666666666667,0.7520820451654475,0.8012447792973548,0.8103586317329726,0.8057759354325088,0.752822214524043,0.505721245241974,0.30619454140207747,0.1896413682670274,0.6938054585979225,0.8649627811839069,0.8919823842119509,0.8102261547238946,0.1387331634759903
xgboost,109,target,240000,39425,0.6084375,0.5,582,29856,8730,257,0.23619530754597337,0.4599654089093558,0.019120835797358564,0.6936829558998808,0.03721584550947981,0.20211537446053943,-0.027545193394106916,0.7737521380811694,0.3063170441001192,0.22624786191883067,0.659220689144327,0.060701301151327026,0.9909608651954568,0.3629336357116699
hgb,109,source_heldout,240000,60000,0.6084375,0.5,29365,7304,16475,6856,0.764,0.7517778790725604,0.80081267555701,0.8107175395488805,0.8057346686788311,0.7525807709770721,0.5052523800392008,0.3071617814037596,0.18928246045111952,0.6928382185962404,0.8652343958691825,0.8920280151929616,0.8106008730977741,0.1385845555077376
hgb,109,target,240000,39425,0.6084375,0.5,739,29951,8635,100,0.23776791376030437,0.5522981588670837,0.024079504724666016,0.8808104886769964,0.046877477877509593,0.2059158632598807,0.036348153814008924,0.776214170942829,0.11918951132300358,0.22378582905717098,0.7199679714869381,0.2039586228825414,0.9924522622098018,0.4308529763915286
mlp,109,source_heldout,240000,60000,0.6084375,0.5,29329,7307,16472,6892,0.76335,0.7512178489193206,0.8005513702369255,0.8097236409817509,0.8051113825713384,0.7519606930886941,0.5039992334145299,0.3072879431431095,0.19027635901824907,0.6927120568568905,0.8649897445215083,0.8917279155518635,0.8113241013967378,0.13537847995758057
mlp,109,target,240000,39425,0.6084375,0.5,736,5932,32654,103,0.8469245402663285,0.8617501441140997,0.11037792441511697,0.8772348033373063,0.19608365525509525,0.5557461574146325,0.27853816678541793,0.15373451510910693,0.12276519666269368,0.846265484890893,0.773138784395484,0.08371017145857183,0.9895469671007858,0.14697472751140594
majority,110,source_heldout,240000,60000,0.6074958333333333,0.5,36441,23559,0,0,0.60735,0.5,0.60735,1.0,0.7557159299468068,0.3778579649734034,0.0,1.0,0.0,0.0,0.5,0.60735,0.39265,0.39265
majority,110,target,240000,39425,0.6074958333333333,0.5,839,38586,0,0,0.021280913126188968,0.5,0.021280913126188968,1.0,0.04167494536061991,0.020837472680309953,0.0,1.0,0.0,0.0,0.5,0.021280913126188968,0.978719086873811,0.978719086873811
stratified,110,source_heldout,240000,60000,0.6074958333333333,0.5,22180,14208,9351,14261,0.5255166666666666,0.5027867307235729,0.6095416071232275,0.6086550863038884,0.6090980241387359,0.5027852165170159,0.005571255685063053,0.6030816248567427,0.3913449136961115,0.39691837514325734,0.5027867307235729,0.6086839328227321,0.39399056945470945,0.4744833333333333
stratified,110,target,240000,39425,0.6074958333333333,0.5,481,23419,15167,358,0.39690551680405833,0.48318578743072993,0.020125523012552302,0.5733015494636472,0.03888596952180767,0.29973719481061645,-0.009933164659829175,0.6069299746021873,0.4266984505363528,0.39307002539781266,0.48318578743072993,0.020618526183806087,0.9780199457215182,0.6030944831959416
logreg,110,source_heldout,240000,60000,0.6074958333333333,0.5,28143,8307,15252,8298,0.72325,0.7098426769212006,0.7720987654320988,0.7722894541862189,0.7721940980367946,0.7098568401411127,0.41971371472993996,0.3526041003438177,0.22771054581378117,0.6473958996561824,0.8167349004786028,0.8621357896356436,0.7584590111883718,0.1560414885394026
logreg,110,target,240000,39425,0.6074958333333333,0.5,582,30215,8371,257,0.22708941027266963,0.45531346260758826,0.018897944604993992,0.6936829558998808,0.03679352636237198,0.19569586937850034,-0.03119559585204841,0.7830560306847043,0.3063170441001192,0.2169439693152957,0.7288701948813068,0.32434362663059885,0.9875809963152256,0.3458817186507563
tree,110,source_heldout,240000,60000,0.6074958333333333,0.5,29492,7165,16394,6949,0.7647666666666667,0.7525890701786375,0.8045393785634395,0.809308196811284,0.8069167419081233,0.7529957041168266,0.506012591986251,0.3041300564540091,0.190691803188716,0.695869943545991,0.865662628546214,0.8875382712721545,0.783253388995842,0.138628600074487
tree,110,target,240000,39425,0.6074958333333333,0.5,442,29834,8752,397,0.23320228281547242,0.37681782847249806,0.014599022327916501,0.5268176400476758,0.028410734372489154,0.19755092076328448,-0.08422434646945884,0.7731819831026797,0.4731823599523242,0.22681801689732028,0.1783683732457263,0.017726169330745296,0.9682070575096147,0.753316510979604
rf,110,source_heldout,240000,60000,0.6074958333333333,0.5,31758,10038,13521,4683,0.75465,0.7227058488522182,0.7598334768877405,0.871490903103647,0.8118409448215039,0.7296759497471502,0.47313427888404036,0.4260792053992105,0.128509096896353,0.5739207946007895,0.8431253952099967,0.8867053521702879,0.785004039518202,0.1520950338013629
rf,110,target,240000,39425,0.6074958333333333,0.5,738,29801,8785,101,0.24154724159797084,0.5536459214644105,0.024165820753790236,0.8796185935637664,0.04703932691694818,0.20857611778944812,0.037058002399138895,0.7723267506349453,0.12038140643623362,0.22767324936505468,0.6745791964045825,0.06602850161011818,0.991540135887109,0.30723454527255245
xgboost,110,source_heldout,240000,60000,0.6074958333333333,0.5,29495,7152,16407,6946,0.7650333333333333,0.7529061356574864,0.8048407782355991,0.8093905216651573,0.807109238178634,0.7532945576977754,0.5066083887276749,0.30357825035018465,0.19060947833484262,0.6964217496498154,0.8660504599462224,0.8938057395686827,0.8102908643534787,0.13845030963420868
xgboost,110,target,240000,39425,0.6074958333333333,0.5,738,29878,8708,101,0.23959416613823717,0.5526481502520537,0.02410504311471126,0.8796185935637664,0.0469241773962804,0.20719454992822778,0.036481395576738615,0.7743222930596589,0.12038140643623362,0.22567770694034106,0.7360558527004706,0.24516150590851854,0.9929726768199035,0.44642290472984314
hgb,110,source_heldout,240000,60000,0.6074958333333333,0.5,29498,7156,16403,6943,0.7650166666666667,0.7528624048376809,0.8047689201724232,0.8094728465190307,0.8071140296873931,0.7532638691236241,0.5065483446526624,0.3037480368436691,0.19052715348096924,0.6962519631563309,0.8659109455444696,0.8936518229113257,0.8097213419876796,0.13832333841775854
hgb,110,target,240000,39425,0.6074958333333333,0.5,739,29858,8728,100,0.2401268230818009,0.5535032591625276,0.024152694708631565,0.8808104886769964,0.047016159816770584,0.20758873119281607,0.03704550407218791,0.7738039703519412,0.11918951132300358,0.22619602964805888,0.7139953679618618,0.17818123685514498,0.9924440042613105,0.6973085557103343
mlp,110,source_heldout,240000,60000,0.6074958333333333,0.5,29482,7174,16385,6959,0.76445,0.7522608522836784,0.8042885202968136,0.8090337806317061,0.806654171853838,0.7526650813643111,0.5053511407089495,0.3045120760643491,0.19096621936829394,0.695487923935651,0.8653275039458057,0.8932240389137746,0.809915240439648,0.13818922638893127
mlp,110,target,240000,39425,0.6074958333333333,0.5,736,6014,32572,103,0.8448446417247939,0.8606875825632782,0.10903703703703704,0.8772348033373063,0.19396494926867835,0.5540627850425568,0.2763741135270479,0.15585963821075002,0.12276519666269368,0.84414036178925,0.7890167418234592,0.248988213371736,0.9902731266610427,0.1459563672542572
