model,split_seed,domain,n_benign_train,threshold,tp,fp,tn,fn,accuracy,balanced_accuracy,precision,recall,f1,f1_macro,mcc,fpr,fnr,tnr,roc_auc,pr_auc,pr_auc_benign
iforest,101,source_heldout,9294,0.6477631364378607,20587,155,6599,121739,0.18235846525355515,0.560848716725112,0.9925272394176068,0.14464679679046696,0.25249589128461747,0.17509613798530463,0.07313093412685605,0.02294936334024282,0.855353203209533,0.9770506366597572,0.7243536680363675,0.9776902938068485,0.4251684734039897
iforest,101,target,9294,0.6477631364378607,36228,1327,476409,701925,0.4216149664977642,0.5231507855901149,0.9646651577686061,0.04907925592661684,0.09340628174519278,0.3343775749242971,0.1307057880211916,0.002777684746387126,0.9509207440733831,0.9972223152536128,0.4863582962927808,0.6233805047950887,0.40015032602306144
autoencoder,101,source_heldout,9294,2.1369407176971436,6291,208,6546,136035,0.08610812986316072,0.5067023877928866,0.9679950761655639,0.0442013405842924,0.08454224760624895,0.08610545600923825,0.013653000343289564,0.030796564998519398,0.9557986594157076,0.9692034350014807,0.6861097298131711,0.968873451619479,0.3992159236413157
autoencoder,101,target,9294,2.1369407176971436,37410,33312,444424,700743,0.3962812394881441,0.4904758310229604,0.5289725969288199,0.0506805499672832,0.09249884098284655,0.32009449934086776,-0.039747753469338565,0.06972888792136242,0.9493194500327168,0.9302711120786376,0.456366546363906,0.6020143925473882,0.38721581646369624
iforest,102,source_heldout,8743,0.639119943175376,11392,111,7126,138547,0.11781696951188476,0.5303198585176009,0.9903503433886812,0.07597756420944518,0.14112808315060518,0.11716661825439487,0.048797622772281044,0.01533784717424347,0.9240224357905549,0.9846621528257565,0.6437064139859047,0.9707217763778238,0.3495077004742372
iforest,102,target,8743,0.639119943175376,1,12310,465426,738152,0.3827874090480299,0.48711699265344965,8.122816992933149e-05,1.3547326909190912e-06,2.665017908920348e-06,0.27682410327039464,-0.12569865860844673,0.02576736942579165,0.9999986452673091,0.9742326305742084,0.4607427920950983,0.6020332735741857,0.3730934861918615
autoencoder,102,source_heldout,8743,2.7551703453063965,479,115,7122,149460,0.04835980047844455,0.49365203504807353,0.8063973063973064,0.0031946324838767765,0.006364053064776494,0.046656837146541674,-0.04336476196374807,0.015890562387729724,0.9968053675161233,0.9841094376122703,0.5615533855399754,0.9576565101556164,0.3095678567804937
autoencoder,102,target,8743,2.7551703453063965,1219,33048,444688,736934,0.366733312004632,0.46623756884466994,0.03557358391455336,0.0016514191502303723,0.0031563139224774087,0.26956613785505423,-0.1992753405215877,0.06917628146089054,0.9983485808497696,0.9308237185391095,0.34987229291351907,0.5357374732788165,0.313715542013954
iforest,103,source_heldout,11751,0.641898188446365,4587,62,4288,80442,0.09929625527249131,0.5198467135553347,0.9866637986663799,0.05394630067388773,0.102299337630188,0.09928617532609535,0.03846346322277052,0.014252873563218391,0.9460536993261123,0.9857471264367816,0.7786449058691673,0.9794453535891157,0.5865697827368408
iforest,103,target,11751,0.641898188446365,19,13536,464200,738134,0.3817938973047704,0.48584604979210244,0.0014016967908520841,2.5739921127462736e-05,5.0551543950576555e-05,0.2763232871643578,-0.13167778515957274,0.028333640336922483,0.9999742600788726,0.9716663596630775,0.4449287025413649,0.5822759178362372,0.37607738811692687
autoencoder,103,source_heldout,11751,0.10071155428886414,6690,60,4290,78339,0.12284764877655825,0.5324429677339293,0.9911111111111112,0.0786790389161345,0.1457849834929559,0.12221474194480168,0.052839731203488886,0.013793103448275862,0.9213209610838655,0.9862068965517241,0.4452687027806469,0.949276703712416,0.07464302185731456
autoencoder,103,target,11751,0.10071155428886414,41014,25929,451807,697139,0.40531742617952793,0.5006441303502995,0.6126704808568484,0.05556300658535561,0.10188598626747618,0.32869057993927225,0.0027584717668913783,0.054274745884756434,0.9444369934146444,0.9457252541152436,0.6238948016207053,0.6807985399761276,0.5255320503543343
iforest,104,source_heldout,14945,0.6337169831275254,11575,71,1156,86188,0.1286089503990302,0.530266932735997,0.9939034861755109,0.11839857614844061,0.2115913681689806,0.11884736014098735,0.020787536140983474,0.05786471067644662,0.8816014238515594,0.9421352893235534,0.5990590395492731,0.9907161722691258,0.03706462261297756
iforest,104,target,14945,0.6337169831275254,29,11232,466504,738124,0.3836970315546896,0.48826419710125263,0.002575259746026108,3.928724803665365e-05,7.739380369195131e-05,0.2773294615639524,-0.11967268241762398,0.023510893045531424,0.9999607127519633,0.9764891069544686,0.4663272892651768,0.5850759873283679,0.39166918033327236
autoencoder,104,source_heldout,14945,0.0688355565071106,4788,55,1172,92975,0.060208101828467524,0.5020754039668526,0.9886434028494735,0.0489755838098258,0.09332787556283258,0.058952402142772635,0.002129029613016409,0.04482477587612062,0.9510244161901742,0.9551752241238793,0.795727781740785,0.9954357559728376,0.05762019113844787
autoencoder,104,target,14945,0.0688355565071106,79889,33939,443797,658264,0.43070214468590473,0.518593455839926,0.7018396176687633,0.10822823994483528,0.18753704601393692,0.3746887931429416,0.06234906167089054,0.07104132826498318,0.8917717600551647,0.9289586717350168,0.5884276135631288,0.6475493853284657,0.5232467803303376
iforest,105,source_heldout,16009,0.6381028243104256,5511,19,80,83587,0.06268148031884481,0.43496702416655725,0.9965641952983725,0.06185324025230645,0.11647715263981062,0.059193617744827114,-0.017958726389664358,0.1919191919191919,0.9381467597476936,0.8080808080808081,0.1385272963535102,0.9971081055835864,0.0006267896248303514
iforest,105,target,16009,0.6381028243104256,1,1325,476411,738152,0.39182195085242155,0.49861392819944156,0.0007541478129713424,1.3547326909190912e-06,2.704606892149743e-06,0.2815183891864082,-0.04102051582526092,0.0027734983338077936,0.9999986452673091,0.9972265016661922,0.46821199363659677,0.6087513415120954,0.38578539649662835
autoencoder,105,source_heldout,16009,3.1502597332000732,102,28,71,88996,0.00193952711414061,0.3591582620068108,0.7846153846153846,0.0011448068419044198,0.0022862778500022415,0.0019394065606469948,-0.24585715851000994,0.2828282828282828,0.9988551931580956,0.7171717171717171,0.0984297508293557,0.9959182018419087,0.0006078097742517046
autoencoder,105,target,16009,3.1502597332000732,1219,33002,444734,736934,0.3667711444054515,0.46628571258933227,0.03562140206306069,0.0016514191502303723,0.0031565019019283405,0.2695865238007343,-0.19912100427038903,0.06907999397156589,0.9983485808497696,0.9309200060284342,0.39507934752406704,0.555246603843779,0.34592921624263095
iforest,106,source_heldout,12711,0.645993064764478,5989,60,3391,78355,0.10683979725496896,0.5268102821624943,0.990081005124814,0.07100682917575643,0.13251026075027933,0.10605700133303725,0.04113920634408866,0.017386264850767892,0.9289931708242436,0.9826137351492321,0.6495913933673892,0.9768476677603599,0.08827233423148385
iforest,106,target,12711,0.645993064764478,29,24092,453644,738124,0.37312040819515596,0.4748048806586986,0.0012022718792753203,3.928724803665365e-05,7.608812579203803e-05,0.27176186143619974,-0.17648999067727927,0.05042952593063952,0.9999607127519633,0.9495704740693605,0.4588272911397679,0.5979312446016128,0.36980662953408183
autoencoder,106,source_heldout,12711,0.10137533396482468,2020,24,3427,82324,0.0620422575317501,0.508497517019413,0.9882583170254403,0.023949539979133076,0.046765754502940224,0.06180129836310438,0.021900880361083935,0.006954505940307157,0.9760504600208669,0.9930454940596929,0.6972165179657933,0.9791247790383686,0.11276347367000464
autoencoder,106,target,12711,0.10137533396482468,39073,26507,451229,699080,0.4032456910129132,0.4987244256560491,0.595806648368405,0.05293347043228165,0.09722880608361234,0.32577443240217396,-0.005515818730179976,0.055484619120183536,0.9470665295677183,0.9445153808798165,0.5288546004245259,0.6144143795119908,0.440200199407765
iforest,107,source_heldout,16002,0.6401979647179119,5551,3,16,83052,0.06281735912076009,0.4523777560104,0.9994598487576521,0.06265024886290532,0.11790944911159022,0.05914729379045276,-0.005753353388402861,0.15789473684210525,0.9373497511370947,0.8421052631578947,0.15451864823396144,0.9994902125815319,0.00012927663636743875
iforest,107,target,16002,0.6401979647179119,19,5976,471760,738134,0.3880115701351028,0.49375836956704094,0.00316930775646372,2.5739921127462736e-05,5.106511070378473e-05,0.2795654791076175,-0.0870416209172982,0.012509000787045565,0.9999742600788726,0.9874909992129545,0.46916021054337154,0.5868831941589928,0.3906255862159896
autoencoder,107,source_heldout,16002,3.241868734359741,40,14,5,88563,0.0005077745932161314,0.1318046733596403,0.7407407407407407,0.00045145198243851787,0.0009023540160393427,0.0005076186981096394,-0.436891889654244,0.7368421052631579,0.9995485480175614,0.2631578947368421,0.11387668351493387,0.9986345129650588,0.0001235796195653987
autoencoder,107,target,16002,3.241868734359741,1211,32984,444752,736942,0.36677936884041223,0.4662991325151756,0.03541453428863869,0.0016405812887030195,0.003135892110810153,0.2695828668414581,-0.1991152097213474,0.06904231625835189,0.998359418711297,0.9309576837416481,0.4378843591643893,0.5708121545995459,0.3565116913300047
iforest,108,source_heldout,12108,0.6367294215053986,5487,43,3915,92760,0.09199158553886796,0.5224924803971271,0.9922242314647378,0.05584903355827659,0.10574597454156509,0.0917767266008234,0.03836588619386226,0.010864072764022233,0.9441509664417234,0.9891359272359778,0.8080431932360433,0.9859973494566585,0.6102452573808402
iforest,108,target,12108,0.6367294215053986,1,9375,468361,738152,0.3852012807090121,0.49018877288353485,0.00010665529010238908,1.3547326909190912e-06,2.675481486336985e-06,0.27808432903241087,-0.1095584051754901,0.01962380896562118,0.9999986452673091,0.9803761910343788,0.4687218754490605,0.5969824627211441,0.3918232510821759
autoencoder,108,source_heldout,12108,0.09919236600399017,3656,52,3906,94591,0.07398855241915757,0.5120371918621767,0.9859762675296656,0.037212332183170986,0.07171791476631847,0.07398301184609418,0.02484113060360557,0.013137948458817585,0.962787667816829,0.9868620515411825,0.6492121403102913,0.9763444294945007,0.09263041982336122
autoencoder,108,target,12108,0.09919236600399017,40042,30634,447102,698111,0.4006484144523061,0.4950614624660731,0.566557247156036,0.054246206409782255,0.0990122757715166,0.3249935376746611,-0.020616570234455168,0.06412328147763618,0.9457537935902177,0.9358767185223639,0.4877641446140778,0.5856548906699248,0.40626280123114955
iforest,109,source_heldout,10969,0.6277149905713997,11983,159,5008,94989,0.15151731333434398,0.5406238797987114,0.986904957997035,0.11201996784205212,0.20120220964790034,0.14822196367298596,0.05481849182857927,0.030772208244629378,0.8879800321579479,0.9692277917553707,0.7621048354658623,0.977562378912841,0.501953861890042
iforest,109,target,10969,0.6277149905713997,36,14181,463555,738117,0.3812774027892349,0.48518250599155793,0.0025321797847647183,4.8770376873087285e-05,9.56975955979106e-05,0.27607070923433374,-0.13464027263778794,0.029683758393757222,0.9999512296231269,0.9703162416062427,0.46990818685454105,0.598051897883322,0.3952938807844262
autoencoder,109,source_heldout,10969,2.4357876777648926,587,131,5036,106385,0.05014312594191138,0.490067107124455,0.8175487465181058,0.005487417268070149,0.010901662178475253,0.048645671038460535,-0.05221728507792922,0.025353203019160053,0.9945125827319299,0.9746467969808399,0.7506952154687514,0.9711686156684958,0.529316717469052
autoencoder,109,target,10969,2.4357876777648926,37410,33084,444652,700743,0.39646875660524933,0.49071445653998236,0.5306834624223338,0.0506805499672832,0.09252492125735952,0.32020954191786716,-0.038810638096855817,0.06925163688731852,0.9493194500327168,0.9307483631126815,0.5289707573970714,0.6365020124978276,0.41954119495533376
iforest,110,source_heldout,16222,0.6393404265586548,3827,4,11,84821,0.04328750437048148,0.3882520380230424,0.9989558861915949,0.04317074271275156,0.08276473577785227,0.0415120130148587,-0.014295974948455196,0.26666666666666666,0.9568292572872484,0.7333333333333333,0.13383870288481786,0.9994251147116094,9.98005332598436e-05
iforest,110,target,16222,0.6393404265586548,26,1787,475949,738127,0.39146254304463646,0.4981473317051652,0.014340871483728626,3.5223049963896374e-05,7.027349905265918e-05,0.28136013030673007,-0.0469000175316311,0.0037405596396336053,0.999964776950036,0.9962594403603664,0.47102653419669355,0.5890693605764044,0.3918306145918949
autoencoder,110,source_heldout,16222,3.2276291847229004,49,12,3,88599,0.0005864904187767164,0.1002763739734681,0.8032786885245902,0.0005527479469361971,0.0011047357088908678,0.0005862214039901037,-0.39653655968936347,0.8,0.9994472520530638,0.2,0.07575429413711156,0.998845111643775,9.36848100089305e-05
autoencoder,110,target,16222,3.2276291847229004,1219,32995,444741,736934,0.36677690150992404,0.4662930388113461,0.03562869000993745,0.0016514191502303723,0.0031565305094598812,0.26958962591221625,-0.199097509007323,0.06906534152753822,0.9983485808497696,0.9309346584724618,0.4275064246598512,0.5712778861779345,0.3657358140054505
iforest,111,source_heldout,12188,0.6366512728018089,8463,30,3988,89414,0.12219441582020707,0.5394996324482451,0.9964676792652772,0.08646566609111436,0.15912381310519882,0.12049805929330974,0.055623676566326156,0.007466401194624191,0.9135343339088856,0.9925335988053758,0.8275496429822351,0.987719279955528,0.6064743174349776
iforest,111,target,12188,0.6366512728018089,1,13334,464402,738152,0.38194522690804833,0.4860452710331405,7.499062617172853e-05,1.3547326909190912e-06,2.661386475898484e-06,0.2763833837912151,-0.13087894242402118,0.0279108126664099,0.9999986452673091,0.9720891873335901,0.4877658295851227,0.6140197330647568,0.3972455151498309
autoencoder,111,source_heldout,12188,3.904982089996338,186,34,3984,97691,0.04092448108346828,0.49671921147789366,0.8454545454545455,0.001900344309694821,0.0037921648980091135,0.03959015868867984,-0.0275128190938006,0.008461921353907416,0.9980996556903052,0.9915380786460926,0.7858687394815529,0.9799920837376668,0.5810118501394821
autoencoder,111,target,12188,3.904982089996338,1211,32983,444753,736942,0.3667801912839083,0.4663001791183204,0.03541556998303796,0.0016405812887030195,0.0031358961710215745,0.26958330997762925,-0.19911185325606595,0.06904022305206223,0.998359418711297,0.9309597769479377,0.5087522676066287,0.6184184456530887,0.40457321200598667
iforest,112,source_heldout,8860,0.645248431598717,8690,89,7207,140944,0.10129994264958898,0.5229382857549614,0.9898621710901013,0.05807503642220351,0.10971321798084753,0.10121967807506355,0.04203138410424613,0.012198464912280702,0.9419249635777965,0.9878015350877193,0.6882729120384147,0.975523700620164,0.3182994073308189
iforest,112,target,8860,0.645248431598717,36192,13213,464523,701961,0.41180979513754956,0.5106864754221917,0.732557433458152,0.04903048554974375,0.09190942127436963,0.3284734733331744,0.05286969695478652,0.02765753470536028,0.9509695144502562,0.9723424652946397,0.4245376524323643,0.5911950153775465,0.3577202367796839
autoencoder,112,source_heldout,8860,0.07092171907424927,12526,137,7159,137108,0.12543809341744727,0.5324667545169863,0.9891810787333175,0.08371092131467447,0.15435898383827182,0.12441397526929393,0.05019663730883437,0.018777412280701754,0.9162890786853255,0.9812225877192983,0.7132134791933253,0.975404716363669,0.3555731706284504
autoencoder,112,target,8860,0.07092171907424927,40196,56482,421254,697957,0.3795165512641368,0.4681131787956271,0.41577194397898176,0.05445483524418379,0.09629733443056139,0.31193575595398026,-0.1151300219959289,0.11822847765292965,0.9455451647558162,0.8817715223470703,0.4298542998414152,0.572718971340592,0.3393501870865652
iforest,113,source_heldout,15879,0.6351109422218365,5635,16,236,83923,0.06537133949448837,0.49971402765681333,0.997168642718103,0.06292011880569016,0.11837116239011018,0.061981425338590884,-0.00012459297509972175,0.06349206349206349,0.9370798811943098,0.9365079365079365,0.5450127956450674,0.9972637906721936,0.0036123260211208584
iforest,113,target,15879,0.6351109422218365,19,13306,464430,738134,0.38198305930886783,0.4860867685154141,0.001425891181988743,2.5739921127462736e-05,5.056701593393286e-05,0.27642235545940425,-0.13053815717597472,0.027852202890299244,0.9999742600788726,0.9721477971097008,0.4551696984249338,0.5804147930779785,0.384068095235978
autoencoder,113,source_heldout,15879,3.06160831451416,91,23,229,89467,0.0035630776082841552,0.45487313001382096,0.7982456140350878,0.0010161012974831954,0.0020296190561156216,0.0035607249458547603,-0.13408454027592226,0.09126984126984126,0.9989838987025168,0.9087301587301587,0.18395456770587967,0.9937734255993835,0.0016847843294493505
autoencoder,113,target,15879,3.06160831451416,1219,33044,444692,736934,0.3667366017786163,0.46624175525724926,0.035577736917374425,0.0016514191502303723,0.003156330267627807,0.2695679105902002,-0.19926192419124591,0.06916790863573187,0.9983485808497696,0.9308320913642681,0.45770386985528105,0.5990687214634449,0.3791832250697518
iforest,114,source_heldout,12431,0.6315972390082569,4379,40,3963,92992,0.08228934440783633,0.5174899083669604,0.9909481783208871,0.0449723223547052,0.08603988603988603,0.08227389020590153,0.03336399395492147,0.009992505620784412,0.9550276776452948,0.9900074943792155,0.8192374118113287,0.9865773224006428,0.6020893765786196
iforest,114,target,12431,0.6315972390082569,1,10945,466791,738152,0.38391004442017324,0.4885456059461469,9.13575735428467e-05,1.3547326909190912e-06,2.6698740753892342e-06,0.27741075170636803,-0.11845634300299836,0.022910142840397208,0.9999986452673091,0.9770898571596028,0.4653122442323785,0.5847731986168511,0.3965270389435004
autoencoder,114,source_heldout,12431,3.640530586242676,206,25,3978,97165,0.041272910213664256,0.4979351518136772,0.8917748917748918,0.002115619640344661,0.0042212249748980555,0.039943720736930706,-0.01686754303671454,0.006245316012990257,0.9978843803596553,0.9937546839870097,0.7945433870135598,0.9802646879195627,0.5811077305805212
autoencoder,114,target,12431,3.640530586242676,1211,32983,444753,736942,0.3667801912839083,0.4663001791183204,0.03541556998303796,0.0016405812887030195,0.0031358961710215745,0.26958330997762925,-0.19911185325606595,0.06904022305206223,0.998359418711297,0.9309597769479377,0.49473138467854627,0.6123141526183447,0.4074023601762759
iforest,115,source_heldout,12105,0.6430826384600986,3831,36,3909,94288,0.07583477034017871,0.5149594751806189,0.9906904577191621,0.039044425646408955,0.07512795873943483,0.07583423058860876,0.030207182377927366,0.009125475285171103,0.960955574353591,0.990874524714829,0.8187318195433544,0.9862894529627723,0.602758190842814
iforest,115,target,12105,0.6430826384600986,1,10798,466938,738152,0.38403094361409634,0.48869945660843733,9.260116677470137e-05,1.3547326909190912e-06,2.6703981029491876e-06,0.2774738724667191,-0.11765082855659234,0.022602441515816266,0.9999986452673091,0.9773975584841837,0.4764482766043729,0.5964623327471785,0.3947449228505335
autoencoder,115,source_heldout,12105,0.11322508007287979,7844,64,3881,90275,0.11487889951403041,0.5318603373046498,0.9919069296914517,0.07994374178293705,0.14796231148669678,0.11354242423194688,0.04594339612946835,0.016223067173637515,0.9200562582170629,0.9837769328263625,0.47571536055820896,0.9659938013738116,0.06643612848307354
autoencoder,115,target,12105,0.11322508007287979,42368,28263,449473,695785,0.4045114315533737,0.4991185126420113,0.5998499242542227,0.05739731464886006,0.10476962946843657,0.32932545653572837,-0.003680983903023309,0.059160289364837484,0.9426026853511399,0.9408397106351625,0.6591101465721971,0.7031778831118587,0.5909850893760709
iforest,116,source_heldout,16143,0.6331051889546815,5437,8,15,83306,0.06141991302976365,0.3567203585928884,0.9985307621671258,0.06126680414229855,0.11544995116150678,0.05790495254370213,-0.01922070325706395,0.34782608695652173,0.9387331958577014,0.6521739130434783,0.11500037479992298,0.9991818404809676,0.00014971519351627
iforest,116,target,16143,0.6331051889546815,9,602,477134,738144,0.3924231570480529,0.4993760412039196,0.014729950900163666,1.2192594218271821e-05,2.436502049368946e-05,0.2818373771040305,-0.027195350660183002,0.001260110186379088,0.9999878074057817,0.9987398898136209,0.47142403726924315,0.6105463164595377,0.39122889858122073
autoencoder,116,source_heldout,16143,0.1453987956047058,560,11,12,88183,0.00644390870378298,0.26402474365400036,0.9807355516637478,0.006310356873218169,0.012540027319345231,0.006406040320898216,-0.09501395515729186,0.4782608695652174,0.9936896431267819,0.5217391304347826,0.08879304136174368,0.998597072280403,0.00014208377328803085
autoencoder,116,target,16143,0.1453987956047058,38140,50933,426803,700013,0.38238934639592925,0.4725281144400413,0.42818811536604806,0.05166950483165414,0.09221180185342337,0.3121010198134788,-0.10298787590131901,0.10661327595157158,0.9483304951683459,0.8933867240484284,0.3937346224893033,0.5573630063538453,0.34223907408397114
iforest,117,source_heldout,11931,0.6389742145027062,5798,47,4160,92966,0.09670683978984375,0.5237668724007289,0.9919589392643284,0.058705601231217854,0.11085088281123039,0.09647820802655802,0.04066564005301911,0.011171856429759925,0.9412943987687822,0.9888281435702401,0.8060776442852194,0.9855062869279432,0.5848644191649754
iforest,117,target,11931,0.6389742145027062,19,12878,464858,738134,0.3823350651251882,0.4865347146614027,0.0014732108242226875,2.5739921127462736e-05,5.0595832501165036e-05,0.2766066364790638,-0.12839171973211597,0.026956310598322087,0.9999742600788726,0.973043689401678,0.47189344932509036,0.5982141841855666,0.39194719195028876
autoencoder,117,source_heldout,11931,0.07155396044254303,5095,57,4150,93669,0.08978256013829136,0.5190193879305188,0.9889363354037267,0.051587623020533796,0.09805997151545479,0.08970589189929914,0.03453922489229833,0.013548847159496079,0.9484123769794662,0.9864511528405039,0.7457954527611865,0.9843532749071822,0.12119611271531244
autoencoder,117,target,11931,0.07155396044254303,41327,31098,446638,696826,0.40132364056258424,0.495446254360786,0.5706178805661029,0.05598703791761329,0.101969212093099,0.32648300229624105,-0.018793620075092707,0.06509452919604133,0.9440129620823867,0.9349054708039587,0.5159829515152251,0.6324003364796631,0.4054496716527254
iforest,118,source_heldout,12010,0.6425489020164791,5940,35,3900,79123,0.11056428234342344,0.5304680299664584,0.994142259414226,0.06983059614638562,0.13049495814934423,0.11009671663763354,0.050055167587142894,0.008894536213468869,0.9301694038536144,0.9911054637865311,0.7739116538797965,0.9815992664575106,0.5334882217801917
iforest,118,target,12010,0.6425489020164791,0,12898,464838,738153,0.3823029898288413,0.4865009126379423,0.0,0.0,0.0,0.2765696035108617,-0.12870908629768937,0.02699817472411541,1.0,0.9730018252758846,0.47934258229350385,0.6079622323311707,0.3962125665807812
autoencoder,118,source_heldout,12010,0.06884629279375076,11700,57,3878,73363,0.17503764129531002,0.5615298630370097,0.9951518244450115,0.13754511362166866,0.24168560214831647,0.1686155417856986,0.07471132816912038,0.014485387547649302,0.8624548863783313,0.9855146124523507,0.6238837345176601,0.974821342224064,0.0737931426857602
autoencoder,118,target,12010,0.06884629279375076,15076,31593,446143,723077,0.3793265668165433,0.47714664186943506,0.32304099080760246,0.02042395004829622,0.038418902630150534,0.2900988982705495,-0.11619430291165783,0.06613066630942613,0.9795760499517038,0.9338693336905739,0.4754887852746691,0.602193883196704,0.38301094117653284
iforest,119,source_heldout,10797,0.6355692525854115,11505,77,5273,135773,0.1099274051943287,0.5318625251019339,0.9933517527197375,0.07811757356835372,0.1448445171849427,0.1084410022739927,0.044257191304640356,0.014392523364485982,0.9218824264316463,0.9856074766355141,0.7344263947144017,0.983346193659302,0.4339145350614129
iforest,119,target,10797,0.6355692525854115,0,13821,463915,738153,0.3815438744819634,0.48553489793526133,0.0,0.0,0.0,0.27617210103083456,-0.1332859665060062,0.028930204129477367,1.0,0.9710697958705227,0.4631668763018581,0.5903524331613417,0.38410171313907077
autoencoder,119,source_heldout,10797,0.04503099247813225,20292,89,5261,126986,0.16742013261000602,0.5605723691466313,0.9956331877729258,0.13778025231195426,0.24206275833686233,0.15926622440488253,0.06550051687455569,0.01663551401869159,0.8622197476880458,0.9833644859813084,0.7228670326940989,0.9869209051428154,0.06823954164653515
autoencoder,119,target,10797,0.04503099247813225,7180,62471,415265,730973,0.34743714269970366,0.4394811452995291,0.10308538283728877,0.009726980720799076,0.01777658937068893,0.26459743781202016,-0.2543822452382502,0.13076469012174088,0.990273019279201,0.8692353098782591,0.49357895414130193,0.5862009742915648,0.4076983485555344
iforest,120,source_heldout,11755,0.6451036185316092,4708,66,4204,80322,0.09979843225083987,0.5199560094646304,0.9861751152073732,0.05536869340232859,0.10485056344928956,0.09976975670099505,0.03785884478565953,0.015456674473067917,0.9446313065976714,0.9845433255269321,0.7389984758100255,0.9756073526854888,0.4925874440670906
iforest,120,target,11755,0.6451036185316092,36210,32276,445460,701943,0.39614635875478765,0.49074727226645604,0.5287211984931227,0.049054870738180295,0.0897799387334359,0.318995753548871,-0.03920198574819547,0.06756032620526818,0.9509451292618197,0.9324396737947318,0.42500845082942246,0.5743647471625983,0.3621479978476439
autoencoder,120,source_heldout,11755,0.049667537212371826,10600,91,4179,74430,0.165498320268757,0.5516752043155454,0.9914881676176223,0.12466188404092673,0.22147700086710334,0.16116140611532873,0.0679308305667409,0.021311475409836064,0.8753381159590733,0.978688524590164,0.41544730596530066,0.9479539041598839,0.057085259308358456
autoencoder,120,target,11755,0.049667537212371826,5857,31551,446185,732296,0.3717790028530565,0.47094595886272644,0.1565707869974337,0.007934669370713118,0.015103905431036372,0.2769520373662614,-0.1643463959328216,0.06604275164526015,0.9920653306292869,0.9339572483547398,0.41704191955863884,0.5679763778342941,0.3354154282140703
