rung,feature_set,model,n,accuracy,ba,fpr,recall,ba_clean,fpr_clean,tp,fp,tn,fn,ctp,cfp,ctn,cfn,pooled_tpr,pooled_fpr,ppv,fa_h,clean_pooled_tpr,clean_pooled_fpr,clean_ppv,clean_fa_h,ba_drop_from_r0,alert_pass,clean_alert_pass,gen_pass,verdict,verdict_clean
R0,published_top10,dt,2,0.9995517686632835,0.9995339379125896,0.00054882227538265,0.9996166981005619,0.9996388266169125,0.0003390448667369,443279,157,285928,170,443279,40,117818,170,0.999616641372514,0.0005487879476379398,0.7849600356973281,131.70910743310554,0.999616641372514,0.00033939147109233146,0.8551238170741571,81.45395306215956,0.0,True,True,True,True,True
R0,published_top10,knn,2,0.9989829123796835,0.9988235133090966,0.00191555008156185,0.9995625766997551,0.9978298227165459,0.0039029312666634996,443255,548,285537,194,443255,460,117398,194,0.9995625201545161,0.0019155146197808344,0.5111794590354,459.7235087474003,0.9995625201545161,0.003903001917561812,0.3391612122750582,936.7204602148348,0.0,False,False,True,False,False
R0,published_top10,mlp,2,0.9987073940350963,0.9985609756948923,0.00212073858153715,0.9992426899713219,0.9973143093658032,0.00461407123971535,443113,607,285478,336,443113,544,117314,336,0.9992423029480278,0.0021217470332243913,0.48554187608570903,509.2192879738539,0.9992423029480278,0.004615724006855708,0.3025725231217077,1107.7737616453699,0.0,False,False,True,False,False
R0,published_top10,nb,2,0.9271301954398288,0.930999069851851,0.0510682366395185,0.9130663763432205,0.8945521631525029,0.12396205003821475,404898,14610,271475,38551,404898,14610,103248,38551,0.9130655385399449,0.051068738312040125,0.03459057735649494,12256.497194889631,0.9130655385399449,0.12396273481647406,0.014546100028512551,29751.056355953773,0.0,False,False,True,False,False
R0,published_top10,rf,2,0.9995791834239389,0.9995590191553977,0.0005347407236377,0.999652779034433,0.9996653965959599,0.0003219858425131,443295,153,285932,154,443295,38,117820,154,0.9996527221845127,0.0005348060890993935,0.7892903104227612,128.35346138385444,0.9996527221845127,0.00032242189753771487,0.8613676790874846,77.38125540905156,0.0,True,True,True,True,True
R1,no_position_top10,dt,2,0.7693472819635547,0.7059163023664973,0.5881426103474485,0.9999752150804433,0.9998562899432117,0.0002626351940196,443438,168258,117827,11,443438,31,117827,11,0.9999751944417509,0.5881398884946781,0.0033957115987232295,141153.57323872275,0.9999751944417509,0.0002630283900965569,0.8839744447516574,63.12681362317365,0.2936176355460923,False,True,False,False,False
R1,no_position_top10,mlp,2,0.7678778507924237,0.7042264767392457,0.5908652314404668,0.9993181849189583,0.9962308143303091,0.0068565562583396,443147,169039,117046,302,443147,812,117046,302,0.999318974673525,0.5908698463743293,0.003377865006243678,141808.76312983903,0.999318974673525,0.006889646863174328,0.22521119008988152,1653.5152471618387,0.2943344989556467,False,False,False,False,False
R1,no_position_top10,nb,2,0.7432566542477801,0.6814136722147027,0.6052841694628106,0.9681115138922161,0.9631199264881697,0.041871660915876546,429308,173162,112923,14141,429308,4935,112923,14141,0.9681113273454219,0.6052816470629359,0.0031950483668553957,145267.5952951046,0.9681113273454219,0.041872422746016394,0.044281922431036944,10049.381459043934,0.24958539763714827,False,False,False,False,False
R1,no_position_top10,rf,2,0.7693568771297843,0.7059229442749058,0.5881496013334545,0.9999954898832661,0.9998579423245476,0.00027960523417095,443447,168260,117825,2,443447,33,117825,2,0.9999954898985002,0.5881468794239474,0.0033957400574915982,141155.25106174737,0.9999954898985002,0.00027999796365117343,0.8774087834464898,67.19951127628163,0.2936360748804919,False,True,False,False,False
R2,no_position_top10,dt,5,0.6778410541694571,0.7988186101718953,0.19475652491416842,0.7923937452579589,0.8951972955040446,0.00199915424986948,453288,282033,195704,284865,453288,508,195704,284865,0.6140840720013331,0.5903520137648958,0.0020802324358583646,141684.483303575,0.6140840720013331,0.002589036348439443,0.3221824847910546,621.3687236254663,0.20071532774069434,False,False,False,False,False
R2,no_position_top10,mlp,5,0.6799965063514101,0.8003887254176915,0.1971677264886749,0.7979451773240578,0.8965630217892369,0.00481913374558422,455689,282841,194896,282464,455689,1316,194896,282464,0.6173367851922298,0.5920433209066913,0.0020852664654134245,142090.39701760592,0.6173367851922298,0.006707031170366746,0.15573010885519112,1609.687480888019,0.19817225027720087,False,False,False,False,False
R2,no_position_top10,nb,5,0.6398061608969361,0.759347356730584,0.2265879280096826,0.7452826414708508,0.839783703135611,0.06571523519962862,431101,290628,187109,307052,431101,9103,187109,307052,0.5840266177879112,0.6083430841655555,0.0019202102422742587,146002.34019973333,0.5840266177879112,0.046393696613866636,0.024606672974013963,11134.487187327994,0.17165171312126704,False,False,False,False,False
R2,no_position_top10,rf,5,0.6784829606468159,0.7995700337632281,0.19373716001475336,0.7928772275412097,0.8957722013566741,0.0013328248278615998,453485,281760,195977,284668,453485,235,195977,284668,0.6143509543414442,0.5897805696439673,0.002083146859153287,141547.33671455216,0.6143509543414442,0.0011976841375654903,0.5068921757200127,287.4441930157177,0.19998898539216958,False,False,False,False,False
R2,published_top10,dt,5,0.801873108106687,0.8594082581022496,0.19620477438572229,0.9150212905902215,0.9557590722124985,0.00350314616522448,633077,282126,195611,105076,633077,601,195611,105076,0.8576501077689855,0.5905466815423549,0.0029019720468313444,141731.20357016518,0.8576501077689855,0.0030630134752206795,0.35943687389886936,735.1232340529631,0.14012567981033996,False,False,False,False,False
R2,published_top10,mlp,5,0.8107518189197134,0.8669342264272487,0.17579768228419976,0.9096661351386972,0.9358845160296632,0.0378971030793708,627994,244682,233055,110159,627994,4306,191906,110159,0.8507640015010438,0.5121688292931048,0.003317814583419653,122920.51903034515,0.8507640015010438,0.021945650622795753,0.07208860272747475,5266.956149470981,0.13162674926764362,False,False,False,False,False
R2,published_top10,nb,5,0.6694329642339734,0.7501127166524351,0.2980971084592379,0.7983225417641079,0.8200973548447505,0.15812783207460676,498904,306836,170901,239249,498904,25311,170901,239249,0.6758815584302983,0.6422697006930591,0.0021044456040033906,154144.7281663342,0.6758815584302983,0.12899822640817074,0.010390824868908136,30959.574337960978,0.18088635319941593,False,False,False,False,False
R2,published_top10,rf,5,0.8781660467510919,0.922554098897909,0.07233192520312119,0.9174401229989391,0.9578183196952406,0.00180348360845792,632091,103937,373800,106062,632091,402,195810,106062,0.8563143413357394,0.21756112672872313,0.007825988756909591,52214.67041489355,0.8563143413357394,0.0020488043544737325,0.4558093668481029,491.7130450736958,0.07700492025748873,False,False,True,False,False
R3,no_position_top10,dt,2,0.5158999620577186,0.6556570547484692,0.3464003578724753,0.657714467369414,0.8285503664368423,0.0006137344957291,453686,281628,196109,284467,453686,103,196109,284467,0.6146232556123189,0.5895042669920898,0.0020850430297171345,141481.02407810156,0.6146232556123189,0.000524942409230832,0.7011688669506966,125.98617821539968,0.34387688316412035,False,True,False,False,False
R3,no_position_top10,mlp,2,0.5833748351335368,0.6919039769958403,0.35693454865078217,0.7407425026424628,0.8639079836287575,0.01292653538494775,522139,283652,194085,216014,522139,2127,194085,216014,0.7073587725038034,0.5937409076542114,0.0023818071066030316,142497.81783701072,0.7073587725038034,0.010840315577028928,0.11564430486753295,2601.6757384869425,0.30665699869905205,False,False,False,False,False
R3,no_position_top10,nb,2,0.4922922095701344,0.6271191566048064,0.37839384136672743,0.6326321545763404,0.7903417928529199,0.05194856887050075,435566,291951,185786,302587,435566,10426,185786,302587,0.590075499252865,0.611112390290055,0.0019312851019336282,146666.97366961322,0.590075499252865,0.0531364034819481,0.02176987394409446,12752.736835667543,0.30387991324704455,False,False,False,False,False
R3,no_position_top10,rf,2,0.5157982034615798,0.6555026118282615,0.34646209451663185,0.6574673181731547,0.8283821358413563,0.0007030464904424,453537,281645,196092,284616,453537,120,196092,284616,0.614421400441372,0.5895398514245286,0.002084234136108106,141489.56434188687,0.614421400441372,0.000611583389395144,0.6681387455229718,146.78001345483457,0.34405640732713616,False,True,False,False,False
R3,published_top10,dt,2,0.6981663583136788,0.7619018684197806,0.3471175432990242,0.8709212801385855,0.9347593321524299,0.0014026158337257,631472,281751,195986,106681,631472,226,195986,106681,0.8554757618000605,0.5897617308267938,0.0028984776425684524,141542.8153984305,0.8554757618000605,0.0011518153833608546,0.5981379092817727,276.4356920066051,0.23763206949280902,False,False,False,False,False
R3,published_top10,mlp,2,0.8045703958976331,0.8577449358932105,0.15239854691998883,0.86788841870641,0.9282188471427955,0.0114507244208192,628730,122197,355540,109423,628730,2573,193639,109423,0.8517610847615603,0.2557829935717769,0.006629137085746494,61387.91845722646,0.8517610847615603,0.01311336717428088,0.11517551407291825,3147.208121827411,0.14081603980168178,False,False,False,False,False
R3,published_top10,nb,2,0.5844481517037641,0.6598376338743468,0.43240659068121584,0.7520818584299096,0.812795345877702,0.1264911666745054,535909,305747,171990,202244,535909,24222,171990,202244,0.7260134416577593,0.6399902038150698,0.002268216975705804,153597.64891561674,0.7260134416577593,0.12344810714940982,0.01164852922176464,29627.545715858356,0.2711614359775042,False,False,False,False,False
R3,published_top10,rf,2,0.8468758068107987,0.8948809567660099,0.08194741866339886,0.8717093321954184,0.9353947306530155,0.0009198708893876,632150,66214,411523,106003,632150,152,196060,106003,0.8563942705645036,0.13859927114709558,0.01223115820669904,33263.82507530294,0.8563942705645036,0.0007746722932338491,0.6889981997239472,185.9213503761238,0.10467806238938782,False,True,False,False,False
