train_frac,model,direction,temporal_f1,control_mean,control_sd,control_min,control_max,delta,z,percentile_in_control,outside_control_range,n_control
0.4,hgb,forward,0.4331138712088025,0.768111698225039,0.07822990521471962,0.5322930968695068,0.8577807404023798,-0.3349978270162365,-4.282222074752096,0.0,True,20
0.4,hgb,reverse,0.4948442466418164,0.768111698225039,0.07822990521471962,0.5322930968695068,0.8577807404023798,-0.2732674515832226,-3.493132847766828,0.0,True,20
0.4,logreg,forward,0.40914491488552435,0.6976476056121561,0.08841960840155072,0.5584931610212509,0.8433018867924529,-0.28850269072663176,-3.2628813443328024,0.0,True,20
0.4,logreg,reverse,0.567173786927313,0.6976476056121561,0.08841960840155072,0.5584931610212509,0.8433018867924529,-0.1304738186848431,-1.475620861068582,0.05,False,20
0.4,majority,forward,0.4784533648170012,0.4280763494493146,0.02873355161437445,0.37717342844404816,0.4705704799275581,0.05037701536768657,1.7532470765808363,1.0,True,20
0.4,majority,reverse,0.3356732610082961,0.4280763494493146,0.02873355161437445,0.37717342844404816,0.4705704799275581,-0.09240308844101852,-3.215860318318335,0.0,True,20
0.4,mlp,forward,0.44382548036862285,0.7472279194747434,0.07224681999702236,0.6028906535476662,0.8701695371708913,-0.3034024391061206,-4.1995265551982115,0.0,True,20
0.4,mlp,reverse,0.5059617891477921,0.7472279194747434,0.07224681999702236,0.6028906535476662,0.8701695371708913,-0.24126613032695132,-3.339470586205664,0.0,True,20
0.4,rf,forward,0.4976375820754078,0.7596836466483727,0.08022570239983341,0.5742652632366552,0.9258480515839642,-0.2620460645729649,-3.266360489646633,0.0,True,20
0.4,rf,reverse,0.3356732610082961,0.7596836466483727,0.08022570239983341,0.5742652632366552,0.9258480515839642,-0.42401038564007665,-5.285218738589157,0.0,True,20
0.4,stratified,forward,0.41152247573135065,0.47287204860332377,0.02682487311207389,0.4196833061315563,0.49928331008134547,-0.061349572871973124,-2.2870405617821783,0.0,True,20
0.4,stratified,reverse,0.39365448475326714,0.47287204860332377,0.02682487311207389,0.4196833061315563,0.49928331008134547,-0.07921756385005663,-2.953138436818952,0.0,True,20
0.4,tree,forward,0.4424832962138085,0.7379478489008187,0.09395561283855404,0.5224948062065832,0.849331079714882,-0.29546455268701016,-3.1447248733794466,0.0,True,20
0.4,tree,reverse,0.3880009668938336,0.7379478489008187,0.09395561283855404,0.5224948062065832,0.849331079714882,-0.34994688200698504,-3.724597939755939,0.0,True,20
0.4,xgboost,forward,0.45314620587049476,0.7606474683673526,0.0852706886807414,0.515018190637885,0.888506107269905,-0.3075012624968579,-3.6061777763770753,0.0,True,20
0.4,xgboost,reverse,0.42004076940169455,0.7606474683673526,0.0852706886807414,0.515018190637885,0.888506107269905,-0.3406066989656581,-3.994417123109092,0.0,True,20
0.5,hgb,forward,0.4605274773780622,0.7798689736228883,0.08043892556447467,0.544449173964719,0.9157807271154416,-0.3193414962448261,-3.9699870927398515,0.0,True,20
0.5,hgb,reverse,0.5247592007076152,0.7798689736228883,0.08043892556447467,0.544449173964719,0.9157807271154416,-0.25510977291527315,-3.1714716615750116,0.0,True,20
0.5,logreg,forward,0.390117112243639,0.6956964339791536,0.08920784949913746,0.5018741598884363,0.8282896486255675,-0.3055793217355146,-3.4254757115120147,0.0,True,20
0.5,logreg,reverse,0.5519112917246175,0.6956964339791536,0.08920784949913746,0.5018741598884363,0.8282896486255675,-0.1437851422545361,-1.6117992201563645,0.05,False,20
0.5,majority,forward,0.4757313829787234,0.426803557677131,0.03920700482003974,0.33688415446071907,0.48262314898760955,0.0489278253015924,1.2479358095873747,0.95,False,20
0.5,majority,reverse,0.3677452491011813,0.426803557677131,0.03920700482003974,0.33688415446071907,0.48262314898760955,-0.059058308575949736,-1.5063203334972293,0.05,False,20
0.5,mlp,forward,0.46033170311089555,0.7507465263320646,0.08074150727425833,0.6041307471264368,0.8888389613369536,-0.29041482322116907,-3.596846690447627,0.0,True,20
0.5,mlp,reverse,0.6869478313540307,0.7507465263320646,0.08074150727425833,0.6041307471264368,0.8888389613369536,-0.06379869497803392,-0.7901598215317681,0.2,False,20
0.5,rf,forward,0.5010919704453607,0.7726710541837783,0.08763881264083888,0.5773215801747689,0.9141211157428333,-0.27157908373841766,-3.098844856004636,0.0,True,20
0.5,rf,reverse,0.3756274269052852,0.7726710541837783,0.08763881264083888,0.5773215801747689,0.9141211157428333,-0.3970436272784931,-4.53045420532631,0.0,True,20
0.5,stratified,forward,0.4214697100785451,0.47414111292594807,0.03246970752385529,0.3875887510765412,0.5115527720972506,-0.05267140284740296,-1.6221705356817768,0.1,False,20
0.5,stratified,reverse,0.4283005278578278,0.47414111292594807,0.03246970752385529,0.3875887510765412,0.5115527720972506,-0.045840585068120276,-1.411795441472378,0.1,False,20
0.5,tree,forward,0.487657850025256,0.7372021708592313,0.08857173264473657,0.5105777746018054,0.8533945524547433,-0.24954432083397532,-2.817426207917867,0.0,True,20
0.5,tree,reverse,0.2995117496223963,0.7372021708592313,0.08857173264473657,0.5105777746018054,0.8533945524547433,-0.43769042123683505,-4.941649081117361,0.0,True,20
0.5,xgboost,forward,0.47615447320154886,0.7666848299174643,0.08315913558476255,0.5275074478649453,0.9193474089376602,-0.2905303567159155,-3.493667348427201,0.0,True,20
0.5,xgboost,reverse,0.44725721199078594,0.7666848299174643,0.08315913558476255,0.5275074478649453,0.9193474089376602,-0.3194276179266784,-3.8411608740339993,0.0,True,20
0.6,hgb,forward,0.46186463402805905,0.7765991930084589,0.06941026321459355,0.6862192706134511,0.9529125940905516,-0.31473455898039987,-4.534409529716734,0.0,True,20
0.6,hgb,reverse,0.5341864874794737,0.7765991930084589,0.06941026321459355,0.6862192706134511,0.9529125940905516,-0.2424127055289852,-3.4924619833168675,0.0,True,20
0.6,logreg,forward,0.4570786556771351,0.668226679930714,0.10082362041146602,0.46609297613198075,0.8312171524128046,-0.21114802425357893,-2.0942317226050178,0.0,True,20
0.6,logreg,reverse,0.5437288445704876,0.668226679930714,0.10082362041146602,0.46609297613198075,0.8312171524128046,-0.1244978353602264,-1.2348082210512257,0.1,False,20
0.6,majority,forward,0.4721374045801527,0.4256135781940403,0.04619479081483675,0.30615640599001664,0.4798457763757448,0.04652382638611241,1.007122785177111,0.85,False,20
0.6,majority,reverse,0.3897216274089936,0.4256135781940403,0.04619479081483675,0.30615640599001664,0.4798457763757448,-0.0358919507850467,-0.776969657226351,0.2,False,20
0.6,mlp,forward,0.5408000296788196,0.7475455687673728,0.09185409259292576,0.6032331771779154,0.9326490438695163,-0.2067455390885532,-2.250803782960411,0.0,True,20
0.6,mlp,reverse,0.6968896549520256,0.7475455687673728,0.09185409259292576,0.6032331771779154,0.9326490438695163,-0.050655913815347176,-0.5514823823892251,0.4,False,20
0.6,rf,forward,0.5346574805058559,0.7669368964659412,0.08323599708182738,0.6431666671725434,0.959128821007274,-0.23227941596008528,-2.7906125246717086,0.0,True,20
0.6,rf,reverse,0.383271904841682,0.7669368964659412,0.08323599708182738,0.6431666671725434,0.959128821007274,-0.3836649916242592,-4.609363797817992,0.0,True,20
0.6,stratified,forward,0.44536378411465477,0.4765585815067836,0.029323044626284232,0.3991889463587577,0.504731656728027,-0.031194797392128826,-1.0638321425929562,0.2,False,20
0.6,stratified,reverse,0.45333382833382835,0.4765585815067836,0.029323044626284232,0.3991889463587577,0.504731656728027,-0.023224753172955248,-0.7920307549556886,0.2,False,20
0.6,tree,forward,0.48494138643392376,0.7575967738733616,0.07378892258949983,0.5658374792703151,0.9048602697280871,-0.2726553874394378,-3.695072076824668,0.0,True,20
0.6,tree,reverse,0.36217990069344486,0.7575967738733616,0.07378892258949983,0.5658374792703151,0.9048602697280871,-0.3954168731799167,-5.358756562684716,0.0,True,20
0.6,xgboost,forward,0.47011494252873565,0.7607396757251934,0.0774730592107968,0.6487463366981439,0.9486082630326628,-0.29062473319645776,-3.751300596065216,0.0,True,20
0.6,xgboost,reverse,0.4205719733970209,0.7607396757251934,0.0774730592107968,0.6487463366981439,0.9486082630326628,-0.3401677023281725,-4.3907870141362135,0.0,True,20
0.7,hgb,forward,0.4502054780922633,0.7871235174728464,0.12202511880345181,0.5404388714733542,0.9903242357708967,-0.33691803938058307,-2.7610547949825266,0.0,True,20
0.7,hgb,reverse,0.5190281229393624,0.7871235174728464,0.12202511880345181,0.5404388714733542,0.9903242357708967,-0.26809539453348397,-2.197050879051471,0.0,True,20
0.7,logreg,forward,0.5624079730338172,0.6742714069502164,0.12872769827532446,0.41552747172400606,0.8716099184101371,-0.11186343391639919,-0.86899272973206,0.2,False,20
0.7,logreg,reverse,0.548510134997349,0.6742714069502164,0.12872769827532446,0.41552747172400606,0.8716099184101371,-0.12576127195286735,-0.9769558039007854,0.15,False,20
0.7,majority,forward,0.46872322193658955,0.4185919744572102,0.06525776538602321,0.25938967136150237,0.4888256806176351,0.05013124747937936,0.7682035568155753,0.65,False,20
0.7,majority,reverse,0.401755055322396,0.4185919744572102,0.06525776538602321,0.25938967136150237,0.4888256806176351,-0.016836919134814166,-0.25800636959015866,0.35,False,20
0.7,mlp,forward,0.5581760852800204,0.7455637050977995,0.12194338108140204,0.5507660878447396,0.9483922354191914,-0.18738761981777907,-1.5366772526398165,0.05,False,20
0.7,mlp,reverse,0.7185838144308565,0.7455637050977995,0.12194338108140204,0.5507660878447396,0.9483922354191914,-0.02697989066694295,-0.22124932429856775,0.4,False,20
0.7,rf,forward,0.5439522792309862,0.7874675120741009,0.12036603185365612,0.5258652553763441,0.9922428013614248,-0.24351523284311472,-2.023122546227879,0.05,False,20
0.7,rf,reverse,0.39686416900478627,0.7874675120741009,0.12036603185365612,0.5258652553763441,0.9922428013614248,-0.39060334306931466,-3.2451293529740974,0.0,True,20
0.7,stratified,forward,0.4575150690258604,0.46404900172834207,0.04138692164519467,0.35849536154530437,0.511072823872694,-0.0065339327024816485,-0.15787433427632777,0.4,False,20
0.7,stratified,reverse,0.4677491472889994,0.46404900172834207,0.04138692164519467,0.35849536154530437,0.511072823872694,0.003700145560657342,0.08940373948027025,0.4,False,20
0.7,tree,forward,0.5477404671361472,0.7562617023539225,0.10667569297804899,0.6006948327675341,0.9201763334304868,-0.20852123521777532,-1.954721168398535,0.0,True,20
0.7,tree,reverse,0.3781334975982583,0.7562617023539225,0.10667569297804899,0.6006948327675341,0.9201763334304868,-0.3781282047556642,-3.5446519652182893,0.0,True,20
0.7,xgboost,forward,0.462180993609565,0.7822328594309824,0.1216768155186582,0.545496355610307,0.9866793018222797,-0.3200518658214174,-2.6303438700065254,0.0,True,20
0.7,xgboost,reverse,0.43848290112392946,0.7822328594309824,0.1216768155186582,0.545496355610307,0.9866793018222797,-0.34374995830705296,-2.8251064661890464,0.0,True,20
